"Type","Name","Extension","RelativePath","SizeBytes","SizeMB"
"Data","atlasnatrual.geojson",".geojson","data\atlasnatrual.geojson","781995","0.746"
"Data","attractions.json",".json","data\attractions.json","69873","0.067"
"Data","coordinate-audit-v2.5.json",".json","data\coordinate-audit-v2.5.json","2099","0.002"
"Data","media-manifest.json",".json","data\media-manifest.json","5842","0.006"
"Image","hero.jpg",".jpg","assets\img\hero.jpg","396801","0.378"
"Image","Al Marj Bird Sanctuary.JPG",".JPG","assets\img\attractions\Al Marj Bird Sanctuary.JPG","4727279","4.508"
"Image","bahvo.jpg",".jpg","assets\img\attractions\bahvo.jpg","2822607","2.692"
"Image","bahvo1.jpg",".jpg","assets\img\attractions\bahvo1.jpg","2948948","2.812"
"Image","bardia.JPG",".JPG","assets\img\attractions\bardia.JPG","8279262","7.896"
"Image","eyn aldhabose.JPG",".JPG","assets\img\attractions\eyn aldhabose.JPG","18391040","17.539"
"Image","eyn-aldhabose1.jpeg",".jpeg","assets\img\attractions\eyn-aldhabose1.jpeg","1048471","1"
"Image","gaberoun-01.jpg",".jpg","assets\img\attractions\gaberoun-01.jpg","457010","0.436"
"Image","gaberoun-02.jpg",".jpg","assets\img\attractions\gaberoun-02.jpg","13813","0.013"
"Image","gaberoun-023.JPG",".JPG","assets\img\attractions\gaberoun-023.JPG","7578043","7.227"
"Image","lak-throna.jpeg",".jpeg","assets\img\attractions\lak-throna.jpeg","575145","0.549"
"Image","lak-throna.JPG",".JPG","assets\img\attractions\lak-throna.JPG","13062144","12.457"
"Image","lak-throna2.JPG",".JPG","assets\img\attractions\lak-throna2.JPG","12001280","11.445"
"Image","lake-jaghbob.jpg",".jpg","assets\img\attractions\lake-jaghbob.jpg","21841","0.021"
"Image","lake-jaghbob1.JPG",".JPG","assets\img\attractions\lake-jaghbob1.JPG","8686220","8.284"
"Image","mahvo.JPG",".JPG","assets\img\attractions\mahvo.JPG","6522306","6.22"
"Image","noath.JPG",".JPG","assets\img\attractions\noath.JPG","7572510","7.222"
"Image","noath1.jpeg",".jpeg","assets\img\attractions\noath1.jpeg","637835","0.608"
"Image","Qalta Akakus.jpg",".jpg","assets\img\attractions\Qalta Akakus.jpg","5275091","5.031"
"Image","umm-alma.jpeg",".jpeg","assets\img\attractions\umm-alma.jpeg","925463","0.883"
"Image","umm-alma1.JPG",".JPG","assets\img\attractions\umm-alma1.JPG","5061705","4.827"
"Image","Wadi al-Kuf.JPG",".JPG","assets\img\attractions\Wadi al-Kuf.JPG","13983744","13.336"
"Image","wau-namus-01.jpg",".jpg","assets\img\attractions\wau-namus-01.jpg","56314","0.054"
"Image","wau-namus-02.jpg",".jpg","assets\img\attractions\wau-namus-02.jpg","99781","0.095"
"Image","wau-namus-03.jpg",".jpg","assets\img\attractions\wau-namus-03.jpg","58900","0.056"
"Image","wau-namus-04.jpg",".jpg","assets\img\attractions\wau-namus-04.jpg","33493","0.032"
"Image","wau-namus5.jpg",".jpg","assets\img\attractions\wau-namus5.jpg","56314","0.054"
"Image","wow alnamos.jpg",".jpg","assets\img\attractions\wow alnamos.jpg","99781","0.095"
"Image","wow alnamos1.jpg",".jpg","assets\img\attractions\wow alnamos1.jpg","33493","0.032"
