attraction_id,attraction_name,locality_ar,region_ar,feature_id,feature_name,primary_category,folders,longitude,latitude,name_score,context_score,combined_score,feature_index
"LTA-FEAT-003","محمية الطيور المهاجرة – المرج","قيد التحقق التفصيلي","المرج","940","محمية البرج","محميات وموائل الطيور المهاجرة","Untitled layer","21.2880555555555","29.1844444444444","0.2500","0.2667","0.2533","939"
"LTA-FEAT-003","محمية الطيور المهاجرة – المرج","قيد التحقق التفصيلي","المرج","941","محمية الثلاثين","محميات وموائل الطيور المهاجرة","Untitled layer","16.2005833","31.2376944","0.2500","0.2667","0.2533","940"
"LTA-FEAT-003","محمية الطيور المهاجرة – المرج","قيد التحقق التفصيلي","المرج","942","محمية الشعافيين","محميات وموائل الطيور المهاجرة","Untitled layer","13.8333044","32.6073756","0.2500","0.2667","0.2533","941"
"LTA-FEAT-003","محمية الطيور المهاجرة – المرج","قيد التحقق التفصيلي","المرج","943","محمية الشماري","محميات وموائل الطيور المهاجرة","Untitled layer","22.0975224","32.7859765","0.2500","0.2667","0.2533","942"
"LTA-FEAT-003","محمية الطيور المهاجرة – المرج","قيد التحقق التفصيلي","المرج","833","محمية الهيشة","العيون الطبيعية","Untitled layer","15.3094482","31.6089489","0.2500","0.0282","0.2056","832"
"LTA-FEAT-003","محمية الطيور المهاجرة – المرج","قيد التحقق التفصيلي","المرج","141","محمية وادي الأثل","الأودية ومصباتها","Untitled layer","12.3869444444445","32.3091666666667","0.2000","0.2222","0.2044","140"
"LTA-FEAT-003","محمية الطيور المهاجرة – المرج","قيد التحقق التفصيلي","المرج","944","محمية جبال النقازة","محميات وموائل الطيور المهاجرة","Untitled layer","14.0984631","32.6987213","0.2000","0.0430","0.1686","943"
"LTA-FEAT-003","محمية الطيور المهاجرة – المرج","قيد التحقق التفصيلي","المرج","120","تفرع طريق محمية وادي الأثل","الأودية ومصباتها","Untitled layer","12.4833012","32.1583931","0.1429","0.2000","0.1543","119"
"LTA-FEAT-003","محمية الطيور المهاجرة – المرج","قيد التحقق التفصيلي","المرج","945","مشروع المحمية السياحي","محميات وموائل الطيور المهاجرة","Untitled layer","15.0997598","32.0116714","0.0000","0.2500","0.0500","944"
"LTA-FEAT-003","محمية الطيور المهاجرة – المرج","قيد التحقق التفصيلي","المرج","640","سد الهيشة","السدود","Untitled layer","22.3868383","32.5718244","0.0000","0.1905","0.0381","639"
"LTA-FEAT-003","محمية الطيور المهاجرة – المرج","قيد التحقق التفصيلي","المرج","735","عين الغزالة","العيون الطبيعية","Untitled layer","23.3061218","32.1856375","0.0000","0.1053","0.0211","734"
"LTA-FEAT-003","محمية الطيور المهاجرة – المرج","قيد التحقق التفصيلي","المرج","663","بحيرة عين الزيانة","العيون الطبيعية","Untitled layer","20.1555876","32.2149468","0.0000","0.0714","0.0143","662"
"LTA-FEAT-003","محمية الطيور المهاجرة – المرج","قيد التحقق التفصيلي","المرج","725","عين الشقيقة","العيون الطبيعية","Untitled layer","21.4603543","32.8050414","0.0000","0.0667","0.0133","724"
"LTA-FEAT-003","محمية الطيور المهاجرة – المرج","قيد التحقق التفصيلي","المرج","578","بركة الغريق","البرك والبلطات والقلتات","Untitled layer","20.9227044","32.5170629","0.0000","0.0633","0.0127","577"
"LTA-FEAT-003","محمية الطيور المهاجرة – المرج","قيد التحقق التفصيلي","المرج","933","منتزه صرمان الوطني","الفوارات والمياه الكبريتية والحمامات","Untitled layer","12.5599999999999","32.715","0.0000","0.0435","0.0087","932"
"LTA-FEAT-005","شلال بالفو","قيد التحقق","قيد التحقق","130","شلال وادي مرقس","الأودية ومصباتها","Untitled layer","22.2109384","32.8478912","0.5000","0.0714","0.4143","129"
"LTA-FEAT-005","شلال بالفو","قيد التحقق","قيد التحقق","200","وادي البرك","الأودية ومصباتها","Untitled layer","21.426434","32.6425168","0.2500","0.1429","0.2286","199"
"LTA-FEAT-005","شلال بالفو","قيد التحقق","قيد التحقق","275","وادي الغدير","الأودية ومصباتها","Untitled layer","16.8755073","26.8660542","0.2500","0.1333","0.2267","274"
"LTA-FEAT-005","شلال بالفو","قيد التحقق","قيد التحقق","276","وادي الغدير","الأودية ومصباتها","Untitled layer","14.8340949","28.5125553","0.2500","0.1333","0.2267","275"
"LTA-FEAT-005","شلال بالفو","قيد التحقق","قيد التحقق","349","وادي بلغدير","الأودية ومصباتها","Untitled layer","21.8517352","32.8176855","0.2500","0.1333","0.2267","348"
"LTA-FEAT-005","شلال بالفو","قيد التحقق","قيد التحقق","165","وادي أراماس","الأودية ومصباتها","Untitled layer","11.7911988","24.9803601","0.2500","0.0769","0.2154","164"
"LTA-FEAT-005","شلال بالفو","قيد التحقق","قيد التحقق","172","وادي أماسين","الأودية ومصباتها","Untitled layer","9.6449735","29.9858929","0.2500","0.0769","0.2154","171"
"LTA-FEAT-005","شلال بالفو","قيد التحقق","قيد التحقق","173","وادي أمها","الأودية ومصباتها","Untitled layer","10.5557155","24.7680313","0.2500","0.0769","0.2154","172"
"LTA-FEAT-005","شلال بالفو","قيد التحقق","قيد التحقق","174","وادي أنشال","الأودية ومصباتها","Untitled layer","10.5940819","24.9147745","0.2500","0.0769","0.2154","173"
"LTA-FEAT-005","شلال بالفو","قيد التحقق","قيد التحقق","175","وادي أنشال","الأودية ومصباتها","Untitled layer","10.622381","24.7065892","0.2500","0.0769","0.2154","174"
"LTA-FEAT-005","شلال بالفو","قيد التحقق","قيد التحقق","176","وادي أوال","الأودية ومصباتها","Untitled layer","10.8981149","29.5992123","0.2500","0.0769","0.2154","175"
"LTA-FEAT-005","شلال بالفو","قيد التحقق","قيد التحقق","177","وادي أويس","الأودية ومصباتها","Untitled layer","10.5332279","25.336424","0.2500","0.0769","0.2154","176"
"LTA-FEAT-005","شلال بالفو","قيد التحقق","قيد التحقق","178","وادي إزغيدة","الأودية ومصباتها","Untitled layer","14.2754751","31.9209385","0.2500","0.0769","0.2154","177"
"LTA-FEAT-005","شلال بالفو","قيد التحقق","قيد التحقق","179","وادي ابهوها","الأودية ومصباتها","Untitled layer","11.5107046","25.3950196","0.2500","0.0769","0.2154","178"
"LTA-FEAT-005","شلال بالفو","قيد التحقق","قيد التحقق","181","وادي اتينجستين","الأودية ومصباتها","Untitled layer","12.3271647","26.3531443","0.2500","0.0769","0.2154","180"
"LTA-FEAT-010","وادي موجهاج – أكاكوس","قيد التحقق التفصيلي","أكاكوس","200","وادي البرك","الأودية ومصباتها","Untitled layer","21.426434","32.6425168","0.3333","0.2308","0.3128","199"
"LTA-FEAT-010","وادي موجهاج – أكاكوس","قيد التحقق التفصيلي","أكاكوس","275","وادي الغدير","الأودية ومصباتها","Untitled layer","16.8755073","26.8660542","0.3333","0.2143","0.3095","274"
"LTA-FEAT-010","وادي موجهاج – أكاكوس","قيد التحقق التفصيلي","أكاكوس","276","وادي الغدير","الأودية ومصباتها","Untitled layer","14.8340949","28.5125553","0.3333","0.2143","0.3095","275"
"LTA-FEAT-010","وادي موجهاج – أكاكوس","قيد التحقق التفصيلي","أكاكوس","349","وادي بلغدير","الأودية ومصباتها","Untitled layer","21.8517352","32.8176855","0.3333","0.2143","0.3095","348"
"LTA-FEAT-010","وادي موجهاج – أكاكوس","قيد التحقق التفصيلي","أكاكوس","165","وادي أراماس","الأودية ومصباتها","Untitled layer","11.7911988","24.9803601","0.3333","0.1667","0.3000","164"
"LTA-FEAT-010","وادي موجهاج – أكاكوس","قيد التحقق التفصيلي","أكاكوس","172","وادي أماسين","الأودية ومصباتها","Untitled layer","9.6449735","29.9858929","0.3333","0.1667","0.3000","171"
"LTA-FEAT-010","وادي موجهاج – أكاكوس","قيد التحقق التفصيلي","أكاكوس","173","وادي أمها","الأودية ومصباتها","Untitled layer","10.5557155","24.7680313","0.3333","0.1667","0.3000","172"
"LTA-FEAT-010","وادي موجهاج – أكاكوس","قيد التحقق التفصيلي","أكاكوس","174","وادي أنشال","الأودية ومصباتها","Untitled layer","10.5940819","24.9147745","0.3333","0.1667","0.3000","173"
"LTA-FEAT-010","وادي موجهاج – أكاكوس","قيد التحقق التفصيلي","أكاكوس","175","وادي أنشال","الأودية ومصباتها","Untitled layer","10.622381","24.7065892","0.3333","0.1667","0.3000","174"
"LTA-FEAT-010","وادي موجهاج – أكاكوس","قيد التحقق التفصيلي","أكاكوس","176","وادي أوال","الأودية ومصباتها","Untitled layer","10.8981149","29.5992123","0.3333","0.1667","0.3000","175"
"LTA-FEAT-010","وادي موجهاج – أكاكوس","قيد التحقق التفصيلي","أكاكوس","177","وادي أويس","الأودية ومصباتها","Untitled layer","10.5332279","25.336424","0.3333","0.1667","0.3000","176"
"LTA-FEAT-010","وادي موجهاج – أكاكوس","قيد التحقق التفصيلي","أكاكوس","178","وادي إزغيدة","الأودية ومصباتها","Untitled layer","14.2754751","31.9209385","0.3333","0.1667","0.3000","177"
"LTA-FEAT-010","وادي موجهاج – أكاكوس","قيد التحقق التفصيلي","أكاكوس","179","وادي ابهوها","الأودية ومصباتها","Untitled layer","11.5107046","25.3950196","0.3333","0.1667","0.3000","178"
"LTA-FEAT-010","وادي موجهاج – أكاكوس","قيد التحقق التفصيلي","أكاكوس","181","وادي اتينجستين","الأودية ومصباتها","Untitled layer","12.3271647","26.3531443","0.3333","0.1667","0.3000","180"
"LTA-FEAT-010","وادي موجهاج – أكاكوس","قيد التحقق التفصيلي","أكاكوس","183","وادي ادرنجلكو","الأودية ومصباتها","Untitled layer","10.33529","25.1226","0.3333","0.1667","0.3000","182"
"LTA-FEAT-011","بحيرة الجغبوب","الجغبوب","الجغبوب","526","بحيرة","البحيرات الطبيعية والصحراوية","Untitled layer","13.3255708","27.4750061","0.5000","0.3750","0.4750","525"
"LTA-FEAT-011","بحيرة الجغبوب","الجغبوب","الجغبوب","532","بحيرة احجارة","البحيرات الطبيعية والصحراوية","Untitled layer","14.4708333","27.0588889","0.3333","0.3333","0.3333","531"
"LTA-FEAT-011","بحيرة الجغبوب","الجغبوب","الجغبوب","534","بحيرة البحير","البحيرات الطبيعية والصحراوية","Untitled layer","13.5862255","26.8513066","0.3333","0.3333","0.3333","533"
"LTA-FEAT-011","بحيرة الجغبوب","الجغبوب","الجغبوب","535","بحيرة العامرة","البحيرات الطبيعية والصحراوية","Untitled layer","24.6929741","29.5871916","0.3333","0.3333","0.3333","534"
"LTA-FEAT-011","بحيرة الجغبوب","الجغبوب","الجغبوب","536","بحيرة العرايشة","البحيرات الطبيعية والصحراوية","Untitled layer","24.8604444444445","29.6094166666667","0.3333","0.3333","0.3333","535"
"LTA-FEAT-011","بحيرة الجغبوب","الجغبوب","الجغبوب","538","بحيرة العنبة","البحيرات الطبيعية والصحراوية","Untitled layer","12.9778147","26.944854","0.3333","0.3333","0.3333","537"
"LTA-FEAT-011","بحيرة الجغبوب","الجغبوب","الجغبوب","539","بحيرة العيون","البحيرات الطبيعية والصحراوية","Untitled layer","14.0103736","27.4678864","0.3333","0.3333","0.3333","538"
"LTA-FEAT-011","بحيرة الجغبوب","الجغبوب","الجغبوب","540","بحيرة العيون","البحيرات الطبيعية والصحراوية","Untitled layer","14.0103736","27.4678864","0.3333","0.3333","0.3333","539"
"LTA-FEAT-011","بحيرة الجغبوب","الجغبوب","الجغبوب","541","بحيرة الفريدغة","البحيرات الطبيعية والصحراوية","Untitled layer","24.5068073","29.6125282","0.3333","0.3333","0.3333","540"
"LTA-FEAT-011","بحيرة الجغبوب","الجغبوب","الجغبوب","542","بحيرة الفريدغة","البحيرات الطبيعية والصحراوية","Untitled layer","13.3506739","26.9317886","0.3333","0.3333","0.3333","541"
"LTA-FEAT-011","بحيرة الجغبوب","الجغبوب","الجغبوب","543","بحيرة المجدوب","البحيرات الطبيعية والصحراوية","Untitled layer","20.1287556","32.1554139","0.3333","0.3333","0.3333","542"
"LTA-FEAT-011","بحيرة الجغبوب","الجغبوب","الجغبوب","544","بحيرة الملح","البحيرات الطبيعية والصحراوية","Untitled layer","15.8558333","29.1516667","0.3333","0.3333","0.3333","543"
"LTA-FEAT-011","بحيرة الجغبوب","الجغبوب","الجغبوب","545","بحيرة الملفا","البحيرات الطبيعية والصحراوية","Untitled layer","24.783843","29.7452377","0.3333","0.3333","0.3333","544"
"LTA-FEAT-011","بحيرة الجغبوب","الجغبوب","الجغبوب","546","بحيرة بزيمة","البحيرات الطبيعية والصحراوية","Untitled layer","22.0435899","24.8924127","0.3333","0.3333","0.3333","545"
"LTA-FEAT-011","بحيرة الجغبوب","الجغبوب","الجغبوب","549","بحيرة بوحميرة","البحيرات الطبيعية والصحراوية","Untitled layer","20.1330471","32.1569398","0.3333","0.3333","0.3333","548"
"LTA-FEAT-013","قلتة المياه – أكاكوس","قيد التحقق التفصيلي","أكاكوس","587","قلتة","البرك والبلطات والقلتات","Untitled layer","10.49872","24.78918","0.5000","0.2500","0.4500","586"
"LTA-FEAT-013","قلتة المياه – أكاكوس","قيد التحقق التفصيلي","أكاكوس","588","قلتة الحمار","البرك والبلطات والقلتات","Untitled layer","12.5056158","32.2013474","0.3333","0.2308","0.3128","587"
"LTA-FEAT-013","قلتة المياه – أكاكوس","قيد التحقق التفصيلي","أكاكوس","589","قلتة انتريكي","البرك والبلطات والقلتات","Untitled layer","10.5405583333334","24.7433388888889","0.3333","0.2308","0.3128","588"
"LTA-FEAT-013","قلتة المياه – أكاكوس","قيد التحقق التفصيلي","أكاكوس","590","قلتة تيبستين","البرك والبلطات والقلتات","Untitled layer","10.55585","24.8947305555556","0.3333","0.2308","0.3128","589"
"LTA-FEAT-013","قلتة المياه – أكاكوس","قيد التحقق التفصيلي","أكاكوس","136","قلتة وادي بوبو","الأودية ومصباتها","Untitled layer","10.6366694444445","24.5794388888889","0.2500","0.2667","0.2533","135"
"LTA-FEAT-013","قلتة المياه – أكاكوس","قيد التحقق التفصيلي","أكاكوس","591","قلتة تين أمتيلي","البرك والبلطات والقلتات","Untitled layer","10.6465777777778","24.60335","0.2500","0.2143","0.2429","590"
"LTA-FEAT-013","قلتة المياه – أكاكوس","قيد التحقق التفصيلي","أكاكوس","592","قلتة تين تراريت","البرك والبلطات والقلتات","Untitled layer","10.5113611","25.2919389","0.2500","0.2143","0.2429","591"
"LTA-FEAT-013","قلتة المياه – أكاكوس","قيد التحقق التفصيلي","أكاكوس","200","وادي البرك","الأودية ومصباتها","Untitled layer","21.426434","32.6425168","0.0000","0.3077","0.0615","199"
"LTA-FEAT-013","قلتة المياه – أكاكوس","قيد التحقق التفصيلي","أكاكوس","275","وادي الغدير","الأودية ومصباتها","Untitled layer","16.8755073","26.8660542","0.0000","0.2857","0.0571","274"
"LTA-FEAT-013","قلتة المياه – أكاكوس","قيد التحقق التفصيلي","أكاكوس","276","وادي الغدير","الأودية ومصباتها","Untitled layer","14.8340949","28.5125553","0.0000","0.2857","0.0571","275"
"LTA-FEAT-013","قلتة المياه – أكاكوس","قيد التحقق التفصيلي","أكاكوس","349","وادي بلغدير","الأودية ومصباتها","Untitled layer","21.8517352","32.8176855","0.0000","0.2857","0.0571","348"
"LTA-FEAT-013","قلتة المياه – أكاكوس","قيد التحقق التفصيلي","أكاكوس","573","البرك","البرك والبلطات والقلتات","Untitled layer","21.4254823","32.6433046","0.0000","0.2727","0.0545","572"
"LTA-FEAT-013","قلتة المياه – أكاكوس","قيد التحقق التفصيلي","أكاكوس","574","البلطة","البرك والبلطات والقلتات","Untitled layer","18.13123","27.76294","0.0000","0.2500","0.0500","573"
"LTA-FEAT-013","قلتة المياه – أكاكوس","قيد التحقق التفصيلي","أكاكوس","575","برك نوطة","البرك والبلطات والقلتات","Untitled layer","21.8105328","32.9088836","0.0000","0.2308","0.0462","574"
"LTA-FEAT-013","قلتة المياه – أكاكوس","قيد التحقق التفصيلي","أكاكوس","577","بركة الحصان","البرك والبلطات والقلتات","Untitled layer","22.2162000000001","32.8456","0.0000","0.2308","0.0462","576"
"LTA-FEAT-014","بحيرات نوضا","قيد التحقق","قيد التحقق","526","بحيرة","البحيرات الطبيعية والصحراوية","Untitled layer","13.3255708","27.4750061","0.5000","0.3333","0.4667","525"
"LTA-FEAT-014","بحيرات نوضا","قيد التحقق","قيد التحقق","521","بحيرات العامرة","البحيرات الطبيعية والصحراوية","Untitled layer","24.7115993","29.6012973","0.3333","0.3000","0.3267","520"
"LTA-FEAT-014","بحيرات نوضا","قيد التحقق","قيد التحقق","522","بحيرات المحروقة","البحيرات الطبيعية والصحراوية","Untitled layer","14.0707116","27.4397354","0.3333","0.3000","0.3267","521"
"LTA-FEAT-014","بحيرات نوضا","قيد التحقق","قيد التحقق","523","بحيرات برقن","البحيرات الطبيعية والصحراوية","Untitled layer","13.6258365","27.5316778","0.3333","0.3000","0.3267","522"
"LTA-FEAT-014","بحيرات نوضا","قيد التحقق","قيد التحقق","524","بحيرات برقن","البحيرات الطبيعية والصحراوية","Untitled layer","13.6335675","27.511145","0.3333","0.3000","0.3267","523"
"LTA-FEAT-014","بحيرات نوضا","قيد التحقق","قيد التحقق","525","بحيرات زلة","البحيرات الطبيعية والصحراوية","Untitled layer","17.5572158","28.5428914","0.3333","0.3000","0.3267","524"
"LTA-FEAT-014","بحيرات نوضا","قيد التحقق","قيد التحقق","532","بحيرة احجارة","البحيرات الطبيعية والصحراوية","Untitled layer","14.4708333","27.0588889","0.3333","0.3000","0.3267","531"
"LTA-FEAT-014","بحيرات نوضا","قيد التحقق","قيد التحقق","534","بحيرة البحير","البحيرات الطبيعية والصحراوية","Untitled layer","13.5862255","26.8513066","0.3333","0.3000","0.3267","533"
"LTA-FEAT-014","بحيرات نوضا","قيد التحقق","قيد التحقق","535","بحيرة العامرة","البحيرات الطبيعية والصحراوية","Untitled layer","24.6929741","29.5871916","0.3333","0.3000","0.3267","534"
"LTA-FEAT-014","بحيرات نوضا","قيد التحقق","قيد التحقق","536","بحيرة العرايشة","البحيرات الطبيعية والصحراوية","Untitled layer","24.8604444444445","29.6094166666667","0.3333","0.3000","0.3267","535"
"LTA-FEAT-014","بحيرات نوضا","قيد التحقق","قيد التحقق","538","بحيرة العنبة","البحيرات الطبيعية والصحراوية","Untitled layer","12.9778147","26.944854","0.3333","0.3000","0.3267","537"
"LTA-FEAT-014","بحيرات نوضا","قيد التحقق","قيد التحقق","539","بحيرة العيون","البحيرات الطبيعية والصحراوية","Untitled layer","14.0103736","27.4678864","0.3333","0.3000","0.3267","538"
"LTA-FEAT-014","بحيرات نوضا","قيد التحقق","قيد التحقق","540","بحيرة العيون","البحيرات الطبيعية والصحراوية","Untitled layer","14.0103736","27.4678864","0.3333","0.3000","0.3267","539"
"LTA-FEAT-014","بحيرات نوضا","قيد التحقق","قيد التحقق","541","بحيرة الفريدغة","البحيرات الطبيعية والصحراوية","Untitled layer","24.5068073","29.6125282","0.3333","0.3000","0.3267","540"
"LTA-FEAT-014","بحيرات نوضا","قيد التحقق","قيد التحقق","542","بحيرة الفريدغة","البحيرات الطبيعية والصحراوية","Untitled layer","13.3506739","26.9317886","0.3333","0.3000","0.3267","541"
"LTA-FEAT-017","البردي","قيد التحقق","قيد التحقق","547","بحيرة بزيمة","البحيرات الطبيعية والصحراوية","وثائق السياحة الاستشفائية / الفوارات","24.89241","22.04358","0.0000","0.0952","0.0190","546"
"LTA-FEAT-017","البردي","قيد التحقق","قيد التحقق","856","حمام العجيلات","الفوارات والمياه الكبريتية والحمامات","وثائق السياحة الاستشفائية / الفوارات","12.39477","32.731286","0.0000","0.0909","0.0182","855"
"LTA-FEAT-017","البردي","قيد التحقق","قيد التحقق","860","حمام بدر","الفوارات والمياه الكبريتية والحمامات","وثائق السياحة الاستشفائية / الفوارات","11.60317","32.09418","0.0000","0.0909","0.0182","859"
"LTA-FEAT-017","البردي","قيد التحقق","قيد التحقق","874","فوار البحيرة","الفوارات والمياه الكبريتية والحمامات","وثائق السياحة الاستشفائية / الفوارات","17.84284","30.77528","0.0000","0.0909","0.0182","873"
"LTA-FEAT-017","البردي","قيد التحقق","قيد التحقق","875","فوار البنية","الفوارات والمياه الكبريتية والحمامات","وثائق السياحة الاستشفائية / الفوارات","17.02491","31.00257","0.0000","0.0909","0.0182","874"
"LTA-FEAT-017","البردي","قيد التحقق","قيد التحقق","878","فوار البويرات","الفوارات والمياه الكبريتية والحمامات","وثائق السياحة الاستشفائية / الفوارات","15.716226","31.3686745","0.0000","0.0909","0.0182","877"
"LTA-FEAT-017","البردي","قيد التحقق","قيد التحقق","880","فوار التلاويط","الفوارات والمياه الكبريتية والحمامات","وثائق السياحة الاستشفائية / الفوارات","17.77487","30.75693","0.0000","0.0909","0.0182","879"
"LTA-FEAT-017","البردي","قيد التحقق","قيد التحقق","881","فوار الحاشي","الفوارات والمياه الكبريتية والحمامات","وثائق السياحة الاستشفائية / الفوارات","14.2589624","30.9197869","0.0000","0.0909","0.0182","880"
"LTA-FEAT-017","البردي","قيد التحقق","قيد التحقق","883","فوار الخادم","الفوارات والمياه الكبريتية والحمامات","وثائق السياحة الاستشفائية / الفوارات","14.27761","31.51248","0.0000","0.0909","0.0182","882"
"LTA-FEAT-017","البردي","قيد التحقق","قيد التحقق","885","فوار السباخ","الفوارات والمياه الكبريتية والحمامات","وثائق السياحة الاستشفائية / الفوارات","16.14082","29.17173","0.0000","0.0909","0.0182","884"
"LTA-FEAT-017","البردي","قيد التحقق","قيد التحقق","887","فوار السكيرات","الفوارات والمياه الكبريتية والحمامات","وثائق السياحة الاستشفائية / الفوارات","15.12552","32.35117","0.0000","0.0909","0.0182","886"
"LTA-FEAT-017","البردي","قيد التحقق","قيد التحقق","891","فوار العريبات","الفوارات والمياه الكبريتية والحمامات","وثائق السياحة الاستشفائية / الفوارات","18.16778","30.54753","0.0000","0.0909","0.0182","890"
"LTA-FEAT-017","البردي","قيد التحقق","قيد التحقق","895","فوار الكنيسة","الفوارات والمياه الكبريتية والحمامات","وثائق السياحة الاستشفائية / الفوارات","16.111","31.00146","0.0000","0.0909","0.0182","894"
"LTA-FEAT-017","البردي","قيد التحقق","قيد التحقق","898","فوار المقاصة","الفوارات والمياه الكبريتية والحمامات","وثائق السياحة الاستشفائية / الفوارات","15.09408","32.35672","0.0000","0.0909","0.0182","897"
"LTA-FEAT-017","البردي","قيد التحقق","قيد التحقق","903","فوار النعاس","الفوارات والمياه الكبريتية والحمامات","وثائق السياحة الاستشفائية / الفوارات","17.99567","30.62503","0.0000","0.0909","0.0182","902"
"LTA-FEAT-018","محمية وادي الكوف","وادي الكوف","الجبل الأخضر","123","جسر وادي الكوف","الأودية ومصباتها","Untitled layer","21.5651463","32.6969085","0.6667","0.1538","0.5641","122"
"LTA-FEAT-018","محمية وادي الكوف","وادي الكوف","الجبل الأخضر","161","منتجع وادي الكوف","الأودية ومصباتها","القرى_والمنتجعات_السياحية","21.563798","32.702","0.6667","0.0952","0.5524","160"
"LTA-FEAT-018","محمية وادي الكوف","وادي الكوف","الجبل الأخضر","160","منتجع وادي الكوف","الأودية ومصباتها","القري السياحية والمنتجعات","21.562313","32.70194","0.6667","0.0690","0.5471","159"
"LTA-FEAT-018","محمية وادي الكوف","وادي الكوف","الجبل الأخضر","111","استراحة منتزه وادي الكوف","الأودية ومصباتها","Untitled layer","21.5634833333334","32.7017888888889","0.5000","0.1429","0.4286","110"
"LTA-FEAT-018","محمية وادي الكوف","وادي الكوف","الجبل الأخضر","124","جسر وادي الكوف القديم","الأودية ومصباتها","Untitled layer","21.5745439","32.6985923","0.5000","0.1429","0.4286","123"
"LTA-FEAT-018","محمية وادي الكوف","وادي الكوف","الجبل الأخضر","141","محمية وادي الأثل","الأودية ومصباتها","Untitled layer","12.3869444444445","32.3091666666667","0.5000","0.0556","0.4111","140"
"LTA-FEAT-018","محمية وادي الكوف","وادي الكوف","الجبل الأخضر","165","وادي أراماس","الأودية ومصباتها","Untitled layer","11.7911988","24.9803601","0.3333","0.0769","0.2821","164"
"LTA-FEAT-018","محمية وادي الكوف","وادي الكوف","الجبل الأخضر","172","وادي أماسين","الأودية ومصباتها","Untitled layer","9.6449735","29.9858929","0.3333","0.0769","0.2821","171"
"LTA-FEAT-018","محمية وادي الكوف","وادي الكوف","الجبل الأخضر","173","وادي أمها","الأودية ومصباتها","Untitled layer","10.5557155","24.7680313","0.3333","0.0769","0.2821","172"
"LTA-FEAT-018","محمية وادي الكوف","وادي الكوف","الجبل الأخضر","174","وادي أنشال","الأودية ومصباتها","Untitled layer","10.5940819","24.9147745","0.3333","0.0769","0.2821","173"
"LTA-FEAT-018","محمية وادي الكوف","وادي الكوف","الجبل الأخضر","175","وادي أنشال","الأودية ومصباتها","Untitled layer","10.622381","24.7065892","0.3333","0.0769","0.2821","174"
"LTA-FEAT-018","محمية وادي الكوف","وادي الكوف","الجبل الأخضر","176","وادي أوال","الأودية ومصباتها","Untitled layer","10.8981149","29.5992123","0.3333","0.0769","0.2821","175"
"LTA-FEAT-018","محمية وادي الكوف","وادي الكوف","الجبل الأخضر","177","وادي أويس","الأودية ومصباتها","Untitled layer","10.5332279","25.336424","0.3333","0.0769","0.2821","176"
"LTA-FEAT-018","محمية وادي الكوف","وادي الكوف","الجبل الأخضر","178","وادي إزغيدة","الأودية ومصباتها","Untitled layer","14.2754751","31.9209385","0.3333","0.0769","0.2821","177"
"LTA-FEAT-018","محمية وادي الكوف","وادي الكوف","الجبل الأخضر","179","وادي ابهوها","الأودية ومصباتها","Untitled layer","11.5107046","25.3950196","0.3333","0.0769","0.2821","178"