feature_name,feature_id,attraction_id,match_type,image_count,missing_image_count,status
"أطلال حصن بئر احكيم","1","","unmatched","0","0","no_attraction_record"
"الفرارة موقع أثري مغمور بالمياه","2","","unmatched","0","0","no_attraction_record"
"المقبرة الايطالية","3","","unmatched","0","0","no_attraction_record"
"المنطقة الجنائزية","4","","unmatched","0","0","no_attraction_record"
"الوشكة منطقة نخيل وبها بئر مياه","5","","unmatched","0","0","no_attraction_record"
"بئر أثري","6","","unmatched","0","0","no_attraction_record"
"بئر أصوان","7","","unmatched","0","0","no_attraction_record"
"بئر أماسين","8","","unmatched","0","0","no_attraction_record"
"بئر أنزوا","9","","unmatched","0","0","no_attraction_record"
"بئر ابانكور","10","","unmatched","0","0","no_attraction_record"
"بئر اشديوة","11","","unmatched","0","0","no_attraction_record"
"بئر اشميخ","12","","unmatched","0","0","no_attraction_record"
"بئر الأزهري","13","","unmatched","0","0","no_attraction_record"
"بئر الأشهب","14","","unmatched","0","0","no_attraction_record"
"بئر البلح","15","","unmatched","0","0","no_attraction_record"
"بئر البيضاء","16","","unmatched","0","0","no_attraction_record"
"بئر الجرف","17","","unmatched","0","0","no_attraction_record"
"بئر الخباشة","18","","unmatched","0","0","no_attraction_record"
"بئر الركب","19","","unmatched","0","0","no_attraction_record"
"بئر الزتارية","20","","unmatched","0","0","no_attraction_record"
"بئر الشجرة الزتارية الشرقية","21","","unmatched","0","0","no_attraction_record"
"بئر الطليعي","22","","unmatched","0","0","no_attraction_record"
"بئر الطوير","23","","unmatched","0","0","no_attraction_record"
"بئر الغزيل","24","","unmatched","0","0","no_attraction_record"
"بئر الغنم","25","","unmatched","0","0","no_attraction_record"
"بئر الفرطاس","26","","unmatched","0","0","no_attraction_record"
"بئر القطوسة","27","","unmatched","0","0","no_attraction_record"
"بئر الكلاب","28","","unmatched","0","0","no_attraction_record"
"بئر المرحان","29","","unmatched","0","0","no_attraction_record"
"بئر النوارية","30","","unmatched","0","0","no_attraction_record"
"بئر الهابط","31","","unmatched","0","0","no_attraction_record"
"بئر امينينغ","32","","unmatched","0","0","no_attraction_record"
"بئر بالتبن","33","","unmatched","0","0","no_attraction_record"
"بئر بومعروف","34","","unmatched","0","0","no_attraction_record"
"بئر تلووات","35","","unmatched","0","0","no_attraction_record"
"بئر تيترزين","36","","unmatched","0","0","no_attraction_record"
"بئر حركات","37","","unmatched","0","0","no_attraction_record"
"بئر حزوة","38","","unmatched","0","0","no_attraction_record"
"بئر حكيم","39","","unmatched","0","0","no_attraction_record"
"بئر دوفان","40","","unmatched","0","0","no_attraction_record"
"بئر دوفان","41","","unmatched","0","0","no_attraction_record"
"بئر دوفان","42","","unmatched","0","0","no_attraction_record"
"بئر زاكم","43","","unmatched","0","0","no_attraction_record"
"بئر سانية الخضر","44","","unmatched","0","0","no_attraction_record"
"بئر سرار","45","","unmatched","0","0","no_attraction_record"
"بئر شطيب الشيح","46","","unmatched","0","0","no_attraction_record"
"بئر شنيش","47","","unmatched","0","0","no_attraction_record"
"بئر علاق","48","","unmatched","0","0","no_attraction_record"
"بئر علوين","49","","unmatched","0","0","no_attraction_record"
"بئر عياد","50","","unmatched","0","0","no_attraction_record"
"بئر عياد","51","","unmatched","0","0","no_attraction_record"
"بئر غني أو الطابونية","52","","unmatched","0","0","no_attraction_record"
"بئر قرينات","53","","unmatched","0","0","no_attraction_record"
"بئر مجيد","54","","unmatched","0","0","no_attraction_record"
"بئر مياه","55","","unmatched","0","0","no_attraction_record"
"بئر ناهية","56","","unmatched","0","0","no_attraction_record"
"بئر نفات","57","","unmatched","0","0","no_attraction_record"
"تجمع ماء","58","","unmatched","0","0","no_attraction_record"
"حاسي حقي أو تين ايهيدن","59","","unmatched","0","0","no_attraction_record"
"حفريات الفيوت","60","","unmatched","0","0","no_attraction_record"
"حلبة المصارعة","61","","unmatched","0","0","no_attraction_record"
"حمادة المنديل","62","","unmatched","0","0","no_attraction_record"
"خزان القرضابية 1","63","","unmatched","0","0","no_attraction_record"
"خزان القرضايبة","64","","unmatched","0","0","no_attraction_record"
"خزان عمر المختار منظومة النهر الصناعي","65","","unmatched","0","0","no_attraction_record"
"خزان مياه","66","","unmatched","0","0","no_attraction_record"
"خزانات النهر الصناعي","67","","unmatched","0","0","no_attraction_record"
"خزانات النهر الصناعي","68","","unmatched","0","0","no_attraction_record"
"خزانات مياه","69","","unmatched","0","0","no_attraction_record"
"خزانات مياه مكشوفة","70","","unmatched","0","0","no_attraction_record"
"شاطىء تليل","71","","unmatched","0","0","no_attraction_record"
"صخور تحت الماء","72","","unmatched","0","0","no_attraction_record"
"قصبة دفر ثلاث","73","","unmatched","0","0","no_attraction_record"
"قصر أم الماء","74","","unmatched","0","0","no_attraction_record"
"قصر بولاركان","75","","unmatched","0","0","no_attraction_record"
"قصر فرسطاء","76","","unmatched","0","0","no_attraction_record"
"قناة جر مياه مرفوعة","77","","unmatched","0","0","no_attraction_record"
"قناة مياه","78","","unmatched","0","0","no_attraction_record"
"قنوات مياه أثرية","79","","unmatched","0","0","no_attraction_record"
"كهف معطن الزيت","80","","unmatched","0","0","no_attraction_record"
"محطة تزود بالوقود","81","","unmatched","0","0","no_attraction_record"
"مرسى قابس","82","","unmatched","0","0","no_attraction_record"
"مرفأ بوقرادة المغمور بالمياه","83","","unmatched","0","0","no_attraction_record"
"مصيف الماء المعين","84","","unmatched","0","0","no_attraction_record"
"مطار بئر زلطن أو حقل السماح","85","","unmatched","0","0","no_attraction_record"
"مقبرة معركة بئر احكيم","86","","unmatched","0","0","no_attraction_record"
"منطقة بئر عياد","87","","unmatched","0","0","no_attraction_record"
"مهبط بئر عمران","88","","unmatched","0","0","no_attraction_record"
"موقع أثري مغمور بالمياه","89","","unmatched","0","0","no_attraction_record"
"موقع أثري مغمور بالمياه","90","","unmatched","0","0","no_attraction_record"
"موقع أثري مغمور بالمياه","91","","unmatched","0","0","no_attraction_record"
"موقع أثري مغمور بالمياه","92","","unmatched","0","0","no_attraction_record"
"موقع أثري مغمور بالمياه","93","","unmatched","0","0","no_attraction_record"
"موقع أثري مغمور بالمياه","94","","unmatched","0","0","no_attraction_record"
"موقع أثري مغمور بالمياه","95","","unmatched","0","0","no_attraction_record"
"موقع أثري مغمور بالمياه","96","","unmatched","0","0","no_attraction_record"
"موقع أثري مغمور بالمياه","97","","unmatched","0","0","no_attraction_record"
"موقع تراث مغمور بالمياه","98","","unmatched","0","0","no_attraction_record"
"موقع رأس العوير الأثري","99","","unmatched","0","0","no_attraction_record"
"موقع مرفأ مغمور بالمياه","100","","unmatched","0","0","no_attraction_record"
"موقع مغمور بالمياه","101","","unmatched","0","0","no_attraction_record"
"موقع مغمور بالمياه","102","","unmatched","0","0","no_attraction_record"
"موقع مغمور بالمياه","103","","unmatched","0","0","no_attraction_record"
"موقع مغمور بالمياه","104","","unmatched","0","0","no_attraction_record"
"موقع ميناء (بتراس ماجنا) المغمور بالمياه","105","","unmatched","0","0","no_attraction_record"
"موقع ميناء قديم مغمور بالمياه","106","","unmatched","0","0","no_attraction_record"
"موقع ميناء قديم مغمور بالمياه","107","","unmatched","0","0","no_attraction_record"
"موقع ميناء مغمور بالمياه","108","","unmatched","0","0","no_attraction_record"
"موقع ميناء مغمور بالمياه","109","","unmatched","0","0","no_attraction_record"
"أطلال ضريح وادي أم السبط","110","","unmatched","0","0","no_attraction_record"
"استراحة منتزه وادي الكوف","111","","unmatched","0","0","no_attraction_record"
"اطلال شروس الأثرية","112","","unmatched","0","0","no_attraction_record"
"الفوار أو البئر الساخن وادي تنازوفت","113","","unmatched","0","0","no_attraction_record"
"الوديان البيض","114","","unmatched","0","0","no_attraction_record"
"ام الدرابيك","115","","unmatched","0","0","no_attraction_record"
"بحيرات وادي انوير","116","","unmatched","0","0","no_attraction_record"
"بحيرة مجزم","117","","unmatched","0","0","no_attraction_record"
"بحيرة وادي المجينين","118","","unmatched","0","0","no_attraction_record"
"تجمع سكاني - وادي بي","119","","unmatched","0","0","no_attraction_record"
"تفرع طريق محمية وادي الأثل","120","","unmatched","0","0","no_attraction_record"
"تقاطع مدخل طريق وادي ماجر","121","","unmatched","0","0","no_attraction_record"
"جامع شروس","122","","unmatched","0","0","no_attraction_record"
"جسر وادي الكوف","123","","unmatched","0","0","no_attraction_record"
"جسر وادي الكوف القديم","124","LTA-FEAT-019","exact","0","0","matched_without_local_image"
"حديقة الشجرة","125","","unmatched","0","0","no_attraction_record"
"حقفة وادي اعطية","126","","unmatched","0","0","no_attraction_record"
"حمام وادي نينا","127","","unmatched","0","0","no_attraction_record"
"شط وادي جبرون","128","","unmatched","0","0","no_attraction_record"
"شط وادي سليم","129","","unmatched","0","0","no_attraction_record"
"شلال وادي مرقس","130","","unmatched","0","0","no_attraction_record"
"صخرة وادي رزق","131","","unmatched","0","0","no_attraction_record"
"عين وادي الباقول","132","","unmatched","0","0","no_attraction_record"
"عيون وادي الواكيم","133","","unmatched","0","0","no_attraction_record"
"قرية فرسطاء القديمة","134","","unmatched","0","0","no_attraction_record"
"قصر المقدم","135","","unmatched","0","0","no_attraction_record"
"قلتة وادي بوبو","136","","unmatched","0","0","no_attraction_record"
"قلعة وادي الباب","137","","unmatched","0","0","no_attraction_record"
"قوس أفزجار","138","","unmatched","0","0","no_attraction_record"
"كاف وادي الذيب","139","","unmatched","0","0","no_attraction_record"
"كهف مناخر العبد وادي الشويعر","140","","unmatched","0","0","no_attraction_record"
"محمية وادي الأثل","141","","unmatched","0","0","no_attraction_record"
"مدخل وادي تاملت","142","","unmatched","0","0","no_attraction_record"
"مستشفى وادي جارف القروي","143","","unmatched","0","0","no_attraction_record"
"مسجد وادي الحسون العتيق","144","","unmatched","0","0","no_attraction_record"
"مسلات وادي مردوم","145","","unmatched","0","0","no_attraction_record"
"مشروع وادي التوت","146","","unmatched","0","0","no_attraction_record"
"مشروع وادي الحي الزراعي","147","","unmatched","0","0","no_attraction_record"
"مشروع وادي الهيرة الزراعي","148","","unmatched","0","0","no_attraction_record"
"مشروع وادي برجوج الزراعي","149","","unmatched","0","0","no_attraction_record"
"مشروع وادي نينا الزراعي","150","","unmatched","0","0","no_attraction_record"
"مشروع وادي وامس الزراعي","151","","unmatched","0","0","no_attraction_record"
"مصب وادي القطارة","152","","unmatched","0","0","no_attraction_record"
"مصب وادي كعام","153","","unmatched","0","0","no_attraction_record"
"معلق وادي برزة","154","","unmatched","0","0","no_attraction_record"
"معلق وادي غبين","155","","unmatched","0","0","no_attraction_record"
"مفترق وادي عتبة","156","","unmatched","0","0","no_attraction_record"
"مقابر أثرية","157","","unmatched","0","0","no_attraction_record"
"مقبرة المنيخرات","158","","unmatched","0","0","no_attraction_record"
"منتجع الينابيع السياحي","159","","unmatched","0","0","no_attraction_record"
"منتجع وادي الكوف","160","","unmatched","0","0","no_attraction_record"
"منتجع وادي الكوف","161","","unmatched","0","0","no_attraction_record"
"منتجع وادي بالنور","162","","unmatched","0","0","no_attraction_record"
"منتجع وادي بالنور","163","","unmatched","0","0","no_attraction_record"
"منتجع وادي بنور - WB Resort","164","","unmatched","0","0","no_attraction_record"
"وادي أراماس","165","","unmatched","0","0","no_attraction_record"
"وادي أم الجداري","166","","unmatched","0","0","no_attraction_record"
"وادي أم الخيل","167","","unmatched","0","0","no_attraction_record"
"وادي أم الرتم","168","","unmatched","0","0","no_attraction_record"
"وادي أم العجرم","169","","unmatched","0","0","no_attraction_record"
"وادي أم القنديل","170","","unmatched","0","0","no_attraction_record"
"وادي أم عجرم","171","","unmatched","0","0","no_attraction_record"
"وادي أماسين","172","","unmatched","0","0","no_attraction_record"
"وادي أمها","173","","unmatched","0","0","no_attraction_record"
"وادي أنشال","174","","unmatched","0","0","no_attraction_record"
"وادي أنشال","175","","unmatched","0","0","no_attraction_record"
"وادي أوال","176","","unmatched","0","0","no_attraction_record"
"وادي أويس","177","","unmatched","0","0","no_attraction_record"
"وادي إزغيدة","178","","unmatched","0","0","no_attraction_record"
"وادي ابهوها","179","","unmatched","0","0","no_attraction_record"
"وادي ابيار عاشور بوالمعاوي","180","","unmatched","0","0","no_attraction_record"
"وادي اتينجستين","181","","unmatched","0","0","no_attraction_record"
"وادي ادرار","182","","unmatched","0","0","no_attraction_record"
"وادي ادرنجلكو","183","","unmatched","0","0","no_attraction_record"
"وادي ادروه","184","","unmatched","0","0","no_attraction_record"
"وادي ادس","185","","unmatched","0","0","no_attraction_record"
"وادي ارار","186","","unmatched","0","0","no_attraction_record"
"وادي ارفيد","187","","unmatched","0","0","no_attraction_record"
"وادي استوة","188","","unmatched","0","0","no_attraction_record"
"وادي استوة","189","","unmatched","0","0","no_attraction_record"
"وادي اشكربة","190","","unmatched","0","0","no_attraction_record"
"وادي اشيرما","191","","unmatched","0","0","no_attraction_record"
"وادي اطبيريق","192","","unmatched","0","0","no_attraction_record"
"وادي اغلاد","193","","unmatched","0","0","no_attraction_record"
"وادي اكيسومين","194","","unmatched","0","0","no_attraction_record"
"وادي الأثرون","195","","unmatched","0","0","no_attraction_record"
"وادي الأنصار","196","","unmatched","0","0","no_attraction_record"
"وادي الانجيل","197","","unmatched","0","0","no_attraction_record"
"وادي الباب","198","","unmatched","0","0","no_attraction_record"
"وادي الباكور","199","","unmatched","0","0","no_attraction_record"
"وادي البرك","200","","unmatched","0","0","no_attraction_record"
"وادي البغار","201","","unmatched","0","0","no_attraction_record"
"وادي البلاطة","202","","unmatched","0","0","no_attraction_record"
"وادي البنت","203","","unmatched","0","0","no_attraction_record"
"وادي البنية","204","","unmatched","0","0","no_attraction_record"
"وادي التمالسة","205","","unmatched","0","0","no_attraction_record"
"وادي التميمي","206","","unmatched","0","0","no_attraction_record"
"وادي التميمي","207","","unmatched","0","0","no_attraction_record"
"وادي الثابت","208","","unmatched","0","0","no_attraction_record"
"وادي الجبالي","209","","unmatched","0","0","no_attraction_record"
"وادي الجيفة","210","","unmatched","0","0","no_attraction_record"
"وادي الجيفة","211","","unmatched","0","0","no_attraction_record"
"وادي الحاج","212","","unmatched","0","0","no_attraction_record"
"وادي الحاد","213","","unmatched","0","0","no_attraction_record"
"وادي الحتوة","214","","unmatched","0","0","no_attraction_record"
"وادي الحجيانية","215","","unmatched","0","0","no_attraction_record"
"وادي الحريقة","216","","unmatched","0","0","no_attraction_record"
"وادي الحريقة","217","","unmatched","0","0","no_attraction_record"
"وادي الحسون أو وادي بن جبارة","218","","unmatched","0","0","no_attraction_record"
"وادي الحصير","219","","unmatched","0","0","no_attraction_record"
"وادي الحصين","220","","unmatched","0","0","no_attraction_record"
"وادي الحلشوف","221","","unmatched","0","0","no_attraction_record"
"وادي الحلفاوي","222","","unmatched","0","0","no_attraction_record"
"وادي الحمر","223","","unmatched","0","0","no_attraction_record"
"وادي الحميرا","224","","unmatched","0","0","no_attraction_record"
"وادي الحنش","225","","unmatched","0","0","no_attraction_record"
"وادي الحنيوة","226","","unmatched","0","0","no_attraction_record"
"وادي الحنيوة","227","","unmatched","0","0","no_attraction_record"
"وادي الخبطة","228","","unmatched","0","0","no_attraction_record"
"وادي الخبيري","229","","unmatched","0","0","no_attraction_record"
"وادي الدبوسية","230","","unmatched","0","0","no_attraction_record"
"وادي الدكيكين","231","","unmatched","0","0","no_attraction_record"
"وادي الدومة","232","","unmatched","0","0","no_attraction_record"
"وادي الديلة","233","","unmatched","0","0","no_attraction_record"
"وادي الذبان","234","","unmatched","0","0","no_attraction_record"
"وادي الذهب","235","","unmatched","0","0","no_attraction_record"
"وادي الذيب","236","","unmatched","0","0","no_attraction_record"
"وادي الراهب","237","","unmatched","0","0","no_attraction_record"
"وادي الرحيب","238","","unmatched","0","0","no_attraction_record"
"وادي الرحيب","239","","unmatched","0","0","no_attraction_record"
"وادي الرمان","240","","unmatched","0","0","no_attraction_record"
"وادي الرملة","241","","unmatched","0","0","no_attraction_record"
"وادي الزيتون","242","","unmatched","0","0","no_attraction_record"
"وادي الزيتون","243","","unmatched","0","0","no_attraction_record"
"وادي الزيتون","244","","unmatched","0","0","no_attraction_record"
"وادي السد","245","","unmatched","0","0","no_attraction_record"
"وادي السلام","246","","unmatched","0","0","no_attraction_record"
"وادي السهل","247","","unmatched","0","0","no_attraction_record"
"وادي السهل","248","","unmatched","0","0","no_attraction_record"
"وادي السوينات","249","","unmatched","0","0","no_attraction_record"
"وادي السوينيات","250","","unmatched","0","0","no_attraction_record"
"وادي السي موسى","251","","unmatched","0","0","no_attraction_record"
"وادي الشبروق - المرصص","252","","unmatched","0","0","no_attraction_record"
"وادي الشفار","253","","unmatched","0","0","no_attraction_record"
"وادي الشقاليف","254","","unmatched","0","0","no_attraction_record"
"وادي الشقة","255","","unmatched","0","0","no_attraction_record"
"وادي الشقف","256","","unmatched","0","0","no_attraction_record"
"وادي الشويعر","257","","unmatched","0","0","no_attraction_record"
"وادي الشيصو","258","","unmatched","0","0","no_attraction_record"
"وادي الصخرة","259","","unmatched","0","0","no_attraction_record"
"وادي الصخور","260","","unmatched","0","0","no_attraction_record"
"وادي الصنب","261","","unmatched","0","0","no_attraction_record"
"وادي الصنب","262","","unmatched","0","0","no_attraction_record"
"وادي الضحاك","263","","unmatched","0","0","no_attraction_record"
"وادي الطليعي","264","","unmatched","0","0","no_attraction_record"
"وادي العبد","265","","unmatched","0","0","no_attraction_record"
"وادي العزامي","266","","unmatched","0","0","no_attraction_record"
"وادي العقر","267","","unmatched","0","0","no_attraction_record"
"وادي العقر","268","","unmatched","0","0","no_attraction_record"
"وادي العودة","269","","unmatched","0","0","no_attraction_record"
"وادي العين","270","","unmatched","0","0","no_attraction_record"
"وادي العين","271","","unmatched","0","0","no_attraction_record"
"وادي العين","272","","unmatched","0","0","no_attraction_record"
"وادي العين","273","","unmatched","0","0","no_attraction_record"
"وادي الغاني","274","","unmatched","0","0","no_attraction_record"
"وادي الغدير","275","","unmatched","0","0","no_attraction_record"
"وادي الغدير","276","","unmatched","0","0","no_attraction_record"
"وادي الفلقان","277","","unmatched","0","0","no_attraction_record"
"وادي الفلو","278","","unmatched","0","0","no_attraction_record"
"وادي الفيض","279","","unmatched","0","0","no_attraction_record"
"وادي القبر","280","","unmatched","0","0","no_attraction_record"
"وادي القبرون","281","","unmatched","0","0","no_attraction_record"
"وادي القرجومة","282","","unmatched","0","0","no_attraction_record"
"وادي القصيبات وبردي القصيبية","283","","unmatched","0","0","no_attraction_record"
"وادي القطا","284","","unmatched","0","0","no_attraction_record"
"وادي القطارة","285","","unmatched","0","0","no_attraction_record"
"وادي القطارة الشرقي","286","","unmatched","0","0","no_attraction_record"
"وادي القطارة الغربي","287","","unmatched","0","0","no_attraction_record"
"وادي القطيفة","288","","unmatched","0","0","no_attraction_record"
"وادي القويطين","289","","unmatched","0","0","no_attraction_record"
"وادي الكاف","290","","unmatched","0","0","no_attraction_record"
"وادي الكرموسة","291","","unmatched","0","0","no_attraction_record"
"وادي الكلابيش","292","","unmatched","0","0","no_attraction_record"
"وادي الكويفية","293","","unmatched","0","0","no_attraction_record"
"وادي الماجار","294","","unmatched","0","0","no_attraction_record"
"وادي الماس","295","","unmatched","0","0","no_attraction_record"
"وادي المالح","296","","unmatched","0","0","no_attraction_record"
"وادي المحزم","297","","unmatched","0","0","no_attraction_record"
"وادي المردوم","298","","unmatched","0","0","no_attraction_record"
"وادي المريغة","299","","unmatched","0","0","no_attraction_record"
"وادي المسيد أو وادي الرمل","300","","unmatched","0","0","no_attraction_record"
"وادي المشيربة","301","","unmatched","0","0","no_attraction_record"
"وادي المطاريد أو وادي سيدي حسن","302","","unmatched","0","0","no_attraction_record"
"وادي المعمورة","303","","unmatched","0","0","no_attraction_record"
"وادي المعمورة","304","","unmatched","0","0","no_attraction_record"
"وادي المعمورة","305","","unmatched","0","0","no_attraction_record"
"وادي المعيقب","306","","unmatched","0","0","no_attraction_record"
"وادي المقرون","307","","unmatched","0","0","no_attraction_record"
"وادي الملاق","308","","unmatched","0","0","no_attraction_record"
"وادي الملكة","309","","unmatched","0","0","no_attraction_record"
"وادي المملوح","310","","unmatched","0","0","no_attraction_record"
"وادي المهبول","311","","unmatched","0","0","no_attraction_record"
"وادي المويلح","312","","unmatched","0","0","no_attraction_record"
"وادي الناقة","313","","unmatched","0","0","no_attraction_record"
"وادي الناقة","314","","unmatched","0","0","no_attraction_record"
"وادي النعيمه","315","","unmatched","0","0","no_attraction_record"
"وادي النوس","316","","unmatched","0","0","no_attraction_record"
"وادي الهمسة","317","","unmatched","0","0","no_attraction_record"
"وادي الهويات","318","","unmatched","0","0","no_attraction_record"
"وادي الواعر","319","","unmatched","0","0","no_attraction_record"
"وادي الودان","320","","unmatched","0","0","no_attraction_record"
"وادي الودان","321","","unmatched","0","0","no_attraction_record"
"وادي الوسيطة","322","","unmatched","0","0","no_attraction_record"
"وادي الوشكة","323","","unmatched","0","0","no_attraction_record"
"وادي ام العلق","324","","unmatched","0","0","no_attraction_record"
"وادي ام القرب","325","","unmatched","0","0","no_attraction_record"
"وادي امريون","326","","unmatched","0","0","no_attraction_record"
"وادي ان أفودا","327","","unmatched","0","0","no_attraction_record"
"وادي ان تانانايت","328","","unmatched","0","0","no_attraction_record"
"وادي انلالن","329","","unmatched","0","0","no_attraction_record"
"وادي ايرلالين","330","","unmatched","0","0","no_attraction_record"
"وادي ايسير","331","","unmatched","0","0","no_attraction_record"
"وادي ايسين","332","","unmatched","0","0","no_attraction_record"
"وادي ايضاهوين- أويس","333","","unmatched","0","0","no_attraction_record"
"وادي ايضر","334","","unmatched","0","0","no_attraction_record"
"وادي اين اهيد","335","","unmatched","0","0","no_attraction_record"
"وادي اين حقارين","336","","unmatched","0","0","no_attraction_record"
"وادي اينسين","337","","unmatched","0","0","no_attraction_record"
"وادي ايهيدن","338","","unmatched","0","0","no_attraction_record"
"وادي بئر الرملة","339","","unmatched","0","0","no_attraction_record"
"وادي باديس","340","","unmatched","0","0","no_attraction_record"
"وادي بالحمام","341","","unmatched","0","0","no_attraction_record"
"وادي برجوج","342","","unmatched","0","0","no_attraction_record"
"وادي بردي غنيوة","343","","unmatched","0","0","no_attraction_record"
"وادي برزة","344","","unmatched","0","0","no_attraction_record"
"وادي برور","345","","unmatched","0","0","no_attraction_record"
"وادي بزرة","346","","unmatched","0","0","no_attraction_record"
"وادي بسيس أو وادي كريم","347","","unmatched","0","0","no_attraction_record"
"وادي بلعريض","348","","unmatched","0","0","no_attraction_record"
"وادي بلغدير","349","","unmatched","0","0","no_attraction_record"
"وادي بلوز","350","","unmatched","0","0","no_attraction_record"
"وادي بن جواد","351","","unmatched","0","0","no_attraction_record"
"وادي بن هنيدي","352","","unmatched","0","0","no_attraction_record"
"وادي بن وليد","353","","unmatched","0","0","no_attraction_record"
"وادي بني وليد","354","","unmatched","0","0","no_attraction_record"
"وادي بو الفريط","355","","unmatched","0","0","no_attraction_record"
"وادي بو روحي","356","","unmatched","0","0","no_attraction_record"
"وادي بوالحنافيس","357","","unmatched","0","0","no_attraction_record"
"وادي بوالرصف","358","","unmatched","0","0","no_attraction_record"
"وادي بوالرصف","359","","unmatched","0","0","no_attraction_record"
"وادي بوالكراميس","360","","unmatched","0","0","no_attraction_record"
"وادي بوالكف","361","","unmatched","0","0","no_attraction_record"
"وادي بوبو","362","","unmatched","0","0","no_attraction_record"
"وادي بوتركية","363","","unmatched","0","0","no_attraction_record"
"وادي بوحجر","364","","unmatched","0","0","no_attraction_record"
"وادي بوحسنة","365","","unmatched","0","0","no_attraction_record"
"وادي بودويشة","366","","unmatched","0","0","no_attraction_record"
"وادي بوزنة","367","","unmatched","0","0","no_attraction_record"
"وادي بوشماري","368","","unmatched","0","0","no_attraction_record"
"وادي بوشويبة","369","","unmatched","0","0","no_attraction_record"
"وادي بوشويكة","370","","unmatched","0","0","no_attraction_record"
"وادي بوعمود","371","","unmatched","0","0","no_attraction_record"
"وادي بوفراش","372","","unmatched","0","0","no_attraction_record"
"وادي بوقشيطة","373","","unmatched","0","0","no_attraction_record"
"وادي بوقندول","374","","unmatched","0","0","no_attraction_record"
"وادي بومشفة","375","","unmatched","0","0","no_attraction_record"
"وادي بونبح","376","","unmatched","0","0","no_attraction_record"
"وادي بي الكبير","377","","unmatched","0","0","no_attraction_record"
"وادي تاتي","378","","unmatched","0","0","no_attraction_record"
"وادي تاجنؤورت","379","","unmatched","0","0","no_attraction_record"
"وادي تاروت","380","","unmatched","0","0","no_attraction_record"
"وادي تازرفت","381","","unmatched","0","0","no_attraction_record"
"وادي تاشوينات","382","","unmatched","0","0","no_attraction_record"
"وادي تانشالت","383","","unmatched","0","0","no_attraction_record"
"وادي تباركت","384","","unmatched","0","0","no_attraction_record"
"وادي تخرخوري","385","","unmatched","0","0","no_attraction_record"
"وادي ترغت","386","","unmatched","0","0","no_attraction_record"
"وادي ترغت","387","","unmatched","0","0","no_attraction_record"
"وادي ترغلات","388","","unmatched","0","0","no_attraction_record"
"وادي تسبا","389","","unmatched","0","0","no_attraction_record"
"وادي تشلواوت","390","","unmatched","0","0","no_attraction_record"
"وادي تغسات","391","","unmatched","0","0","no_attraction_record"
"وادي تكبارت","392","","unmatched","0","0","no_attraction_record"
"وادي تكظالت","393","","unmatched","0","0","no_attraction_record"
"وادي تلمسين","394","","unmatched","0","0","no_attraction_record"
"وادي تلووا","395","","unmatched","0","0","no_attraction_record"
"وادي تلووات","396","","unmatched","0","0","no_attraction_record"
"وادي تليغزتين","397","","unmatched","0","0","no_attraction_record"
"وادي تمام","398","","unmatched","0","0","no_attraction_record"
"وادي تناروت","399","","unmatched","0","0","no_attraction_record"
"وادي تناروت","400","","unmatched","0","0","no_attraction_record"
"وادي تنازوفت","401","","unmatched","0","0","no_attraction_record"
"وادي توت الفاهم","402","","unmatched","0","0","no_attraction_record"
"وادي تورسين","403","","unmatched","0","0","no_attraction_record"
"وادي تيجل تير","404","","unmatched","0","0","no_attraction_record"
"وادي تيدوا","405","","unmatched","0","0","no_attraction_record"
"وادي تيدوا","406","","unmatched","0","0","no_attraction_record"
"وادي تيشلوات","407","","unmatched","0","0","no_attraction_record"
"وادي تيقنوين","408","","unmatched","0","0","no_attraction_record"
"وادي تيكستين","409","","unmatched","0","0","no_attraction_record"
"وادي تين ابلال","410","","unmatched","0","0","no_attraction_record"
"وادي تين اموتين","411","","unmatched","0","0","no_attraction_record"
"وادي تين اينستن","412","","unmatched","0","0","no_attraction_record"
"وادي تين بيرسولا","413","","unmatched","0","0","no_attraction_record"
"وادي تينناي","414","","unmatched","0","0","no_attraction_record"
"وادي تيهي","415","","unmatched","0","0","no_attraction_record"
"وادي تيهيدين","416","","unmatched","0","0","no_attraction_record"
"وادي جارف","417","","unmatched","0","0","no_attraction_record"
"وادي جرب المالية","418","","unmatched","0","0","no_attraction_record"
"وادي جرجار امه","419","","unmatched","0","0","no_attraction_record"
"وادي جرجور","420","","unmatched","0","0","no_attraction_record"
"وادي جيهلالين","421","","unmatched","0","0","no_attraction_record"
"وادي حبون","422","","unmatched","0","0","no_attraction_record"
"وادي حلق الدب","423","","unmatched","0","0","no_attraction_record"
"وادي خنافس","424","","unmatched","0","0","no_attraction_record"
"وادي خنافس","425","","unmatched","0","0","no_attraction_record"
"وادي دربوك","426","","unmatched","0","0","no_attraction_record"
"وادي درغيس","427","","unmatched","0","0","no_attraction_record"
"وادي درنة","428","","unmatched","0","0","no_attraction_record"
"وادي درنة","429","","unmatched","0","0","no_attraction_record"
"وادي دريدر","430","","unmatched","0","0","no_attraction_record"
"وادي دينار","431","","unmatched","0","0","no_attraction_record"
"وادي رحملالين","432","","unmatched","0","0","no_attraction_record"
"وادي رزق","433","","unmatched","0","0","no_attraction_record"
"وادي زازا","434","","unmatched","0","0","no_attraction_record"
"وادي زرزار","435","","unmatched","0","0","no_attraction_record"
"وادي زقار","436","","unmatched","0","0","no_attraction_record"
"وادي زمزم","437","","unmatched","0","0","no_attraction_record"
"وادي زوانة","438","","unmatched","0","0","no_attraction_record"
"وادي ساسو","439","","unmatched","0","0","no_attraction_record"
"وادي سالموس","440","","unmatched","0","0","no_attraction_record"
"وادي سلطان","441","","unmatched","0","0","no_attraction_record"
"وادي سلفوفيت","442","","unmatched","0","0","no_attraction_record"
"وادي سملوس","443","","unmatched","0","0","no_attraction_record"
"وادي سوامة","444","","unmatched","0","0","no_attraction_record"
"وادي سواني","445","","unmatched","0","0","no_attraction_record"
"وادي سوف الجين","446","","unmatched","0","0","no_attraction_record"
"وادي سوف الجين","447","","unmatched","0","0","no_attraction_record"
"وادي سوف الجين","448","","unmatched","0","0","no_attraction_record"
"وادي سوق الخميس","449","","unmatched","0","0","no_attraction_record"
"وادي سيدي بنور","450","","unmatched","0","0","no_attraction_record"
"وادي سيدي عامر","451","","unmatched","0","0","no_attraction_record"
"وادي سيدي عون","452","","unmatched","0","0","no_attraction_record"
"وادي سيندار","453","","unmatched","0","0","no_attraction_record"
"وادي شطيب الحقفة","454","","unmatched","0","0","no_attraction_record"
"وادي شعبة الطريق","455","","unmatched","0","0","no_attraction_record"
"وادي شماس","456","","unmatched","0","0","no_attraction_record"
"وادي طرطقو","457","","unmatched","0","0","no_attraction_record"
"وادي عبدالملك","458","","unmatched","0","0","no_attraction_record"
"وادي عياد","459","","unmatched","0","0","no_attraction_record"
"وادي عين احباتر","460","","unmatched","0","0","no_attraction_record"
"وادي عين حباتر","461","","unmatched","0","0","no_attraction_record"
"وادي غان","462","","unmatched","0","0","no_attraction_record"
"وادي غاني الكبير","463","","unmatched","0","0","no_attraction_record"
"وادي غبين","464","","unmatched","0","0","no_attraction_record"
"وادي غبين","465","","unmatched","0","0","no_attraction_record"
"وادي غرغار","466","","unmatched","0","0","no_attraction_record"
"وادي غرغار","467","","unmatched","0","0","no_attraction_record"
"وادي غلاشم","468","","unmatched","0","0","no_attraction_record"
"وادي غلبون","469","","unmatched","0","0","no_attraction_record"
"وادي فاسات","470","","unmatched","0","0","no_attraction_record"
"وادي فدراج","471","","unmatched","0","0","no_attraction_record"
"وادي فدراج","472","","unmatched","0","0","no_attraction_record"
"وادي فرس","473","","unmatched","0","0","no_attraction_record"
"وادي فروة","474","","unmatched","0","0","no_attraction_record"
"وادي قابس","475","","unmatched","0","0","no_attraction_record"
"وادي قدرون","476","","unmatched","0","0","no_attraction_record"
"وادي قرا","477","","unmatched","0","0","no_attraction_record"
"وادي قرزة","478","","unmatched","0","0","no_attraction_record"
"وادي قرماط","479","","unmatched","0","0","no_attraction_record"
"وادي كحيلة","480","","unmatched","0","0","no_attraction_record"
"وادي كرسة","481","","unmatched","0","0","no_attraction_record"
"وادي كعب","482","","unmatched","0","0","no_attraction_record"
"وادي كودجات","483","","unmatched","0","0","no_attraction_record"
"وادي كيسان","484","","unmatched","0","0","no_attraction_record"
"وادي لامين","485","","unmatched","0","0","no_attraction_record"
"وادي لبدة","486","","unmatched","0","0","no_attraction_record"
"وادي لهيرا","487","","unmatched","0","0","no_attraction_record"
"وادي لوعير","488","","unmatched","0","0","no_attraction_record"
"وادي ماجر","489","","unmatched","0","0","no_attraction_record"
"وادي ماكيات","490","","unmatched","0","0","no_attraction_record"
"وادي متخندوش","491","","unmatched","0","0","no_attraction_record"
"وادي مرقس","492","","unmatched","0","0","no_attraction_record"
"وادي مرقس أو وادي الشواعر","493","","unmatched","0","0","no_attraction_record"
"وادي مسلقون","494","","unmatched","0","0","no_attraction_record"
"وادي مسوجي","495","","unmatched","0","0","no_attraction_record"
"وادي مسوجي","496","","unmatched","0","0","no_attraction_record"
"وادي مقدال","497","","unmatched","0","0","no_attraction_record"
"وادي مقيونس","498","","unmatched","0","0","no_attraction_record"
"وادي ملجة","499","","unmatched","0","0","no_attraction_record"
"وادي ملجة","500","","unmatched","0","0","no_attraction_record"
"وادي منصور","501","","unmatched","0","0","no_attraction_record"
"وادي منصور","502","","unmatched","0","0","no_attraction_record"
"وادي منصور","503","","unmatched","0","0","no_attraction_record"
"وادي منصور","504","","unmatched","0","0","no_attraction_record"
"وادي ميسكنان","505","","unmatched","0","0","no_attraction_record"
"وادي ميسكنان","506","","unmatched","0","0","no_attraction_record"
"وادي ميغدت","507","","unmatched","0","0","no_attraction_record"
"وادي ميمون","508","","unmatched","0","0","no_attraction_record"
"وادي ميمون","509","","unmatched","0","0","no_attraction_record"
"وادي نالوت","510","","unmatched","0","0","no_attraction_record"
"وادي نفد","511","","unmatched","0","0","no_attraction_record"
"وادي نينا","512","","unmatched","0","0","no_attraction_record"
"وادي وامس","513","","unmatched","0","0","no_attraction_record"
"وادي وان أرماس","514","","unmatched","0","0","no_attraction_record"
"وادي وان افودا","515","","unmatched","0","0","no_attraction_record"
"وادي وديان لطرش","516","","unmatched","0","0","no_attraction_record"
"وداي برحى","517","","unmatched","0","0","no_attraction_record"
"أم المخالي أو اللبادية - بحيرة الغارق","518","","unmatched","0","0","no_attraction_record"
"البحيرة الكبيرة","519","","unmatched","0","0","no_attraction_record"
"العين ( بحيرة شديدة الملوحة )","520","","unmatched","0","0","no_attraction_record"
"بحيرات العامرة","521","","unmatched","0","0","no_attraction_record"
"بحيرات المحروقة","522","","unmatched","0","0","no_attraction_record"
"بحيرات برقن","523","","unmatched","0","0","no_attraction_record"
"بحيرات برقن","524","","unmatched","0","0","no_attraction_record"
"بحيرات زلة","525","","unmatched","0","0","no_attraction_record"
"بحيرة","526","","unmatched","0","0","no_attraction_record"
"بحيرة أجراجير","527","","unmatched","0","0","no_attraction_record"
"بحيرة أم الحصان","528","","unmatched","0","0","no_attraction_record"
"بحيرة أم الماء","529","LTA-FEAT-015","exact","2","0","linked"
"بحيرة أم الماء","530","LTA-FEAT-015","exact","2","0","linked"
"بحيرة أم ملفاع","531","","unmatched","0","0","no_attraction_record"
"بحيرة احجارة","532","","unmatched","0","0","no_attraction_record"
"بحيرة البحر الدوني","533","","unmatched","0","0","no_attraction_record"
"بحيرة البحير","534","","unmatched","0","0","no_attraction_record"
"بحيرة العامرة","535","","unmatched","0","0","no_attraction_record"
"بحيرة العرايشة","536","","unmatched","0","0","no_attraction_record"
"بحيرة العرجة","537","","unmatched","0","0","no_attraction_record"
"بحيرة العنبة","538","","unmatched","0","0","no_attraction_record"
"بحيرة العيون","539","","unmatched","0","0","no_attraction_record"
"بحيرة العيون","540","","unmatched","0","0","no_attraction_record"
"بحيرة الفريدغة","541","","unmatched","0","0","no_attraction_record"
"بحيرة الفريدغة","542","","unmatched","0","0","no_attraction_record"
"بحيرة المجدوب","543","","unmatched","0","0","no_attraction_record"
"بحيرة الملح","544","","unmatched","0","0","no_attraction_record"
"بحيرة الملفا","545","","unmatched","0","0","no_attraction_record"
"بحيرة بزيمة","546","","unmatched","0","0","no_attraction_record"
"بحيرة بزيمة","547","","unmatched","0","0","no_attraction_record"
"بحيرة بن عتي","548","","unmatched","0","0","no_attraction_record"
"بحيرة بوحميرة","549","","unmatched","0","0","no_attraction_record"
"بحيرة بوقصيبة","550","","unmatched","0","0","no_attraction_record"
"بحيرة تامزيا","551","","unmatched","0","0","no_attraction_record"
"بحيرة تدكما","552","","unmatched","0","0","no_attraction_record"
"بحيرة تمزيز","553","","unmatched","0","0","no_attraction_record"
"بحيرة تمسة","554","","unmatched","0","0","no_attraction_record"
"بحيرة تنقرزان","555","","unmatched","0","0","no_attraction_record"
"بحيرة ربيانة","556","","unmatched","0","0","no_attraction_record"
"بحيرة شمال بنغازي","557","","unmatched","0","0","no_attraction_record"
"بحيرة طرابلس","558","","unmatched","0","0","no_attraction_record"
"بحيرة طرونة","559","LTA-FEAT-016","exact","2","1","linked"
"بحيرة قبر عون","560","LTA-FEAT-001","exact","3","0","linked"
"بحيرة لغلغ","561","","unmatched","0","0","no_attraction_record"
"بحيرة لغلغ","562","","unmatched","0","0","no_attraction_record"
"بحيرة مافو","563","LTA-FEAT-021","exact","1","0","linked"
"بحيرة محروقة","564","","unmatched","0","0","no_attraction_record"
"بحيرة مندرة","565","","unmatched","0","0","no_attraction_record"
"بحيرة نشنوشة","566","","unmatched","0","0","no_attraction_record"
"حديقة بحيرة بنغازي","567","","unmatched","0","0","no_attraction_record"
"فوار البحيرة","568","","unmatched","0","0","no_attraction_record"
"مدخل بحيرة مجزم","569","","unmatched","0","0","no_attraction_record"
"نزل سمرقند","570","","unmatched","0","0","no_attraction_record"
"نزل طرابلس الحديث","571","","unmatched","0","0","no_attraction_record"
"واو الناموس","572","LTA-FEAT-002","exact","7","0","linked"
"البرك","573","","unmatched","0","0","no_attraction_record"
"البلطة","574","","unmatched","0","0","no_attraction_record"
"برك نوطة","575","","unmatched","0","0","no_attraction_record"
"برك نوطة","576","","unmatched","0","0","no_attraction_record"
"بركة الحصان","577","","unmatched","0","0","no_attraction_record"
"بركة الغريق","578","","unmatched","0","0","no_attraction_record"
"بركة ناصر","579","","unmatched","0","0","no_attraction_record"
"بلط ازلاق","580","","unmatched","0","0","no_attraction_record"
"بلط الزمارير","581","","unmatched","0","0","no_attraction_record"
"بلط محرز","582","","unmatched","0","0","no_attraction_record"
"صنم مسوجي أو مسلة غدير الدهب","583","","unmatched","0","0","no_attraction_record"
"غدير الدهب","584","","unmatched","0","0","no_attraction_record"
"غدير الذهب","585","","unmatched","0","0","no_attraction_record"
"غدير بوشوشة","586","","unmatched","0","0","no_attraction_record"
"قلتة","587","","unmatched","0","0","no_attraction_record"
"قلتة الحمار","588","","unmatched","0","0","no_attraction_record"
"قلتة انتريكي","589","","unmatched","0","0","no_attraction_record"
"قلتة تيبستين","590","","unmatched","0","0","no_attraction_record"
"قلتة تين أمتيلي","591","","unmatched","0","0","no_attraction_record"
"قلتة تين تراريت","592","","unmatched","0","0","no_attraction_record"
"السبخة الكبيرة","593","","unmatched","0","0","no_attraction_record"
"سبخة","594","","unmatched","0","0","no_attraction_record"
"سبخة أم العزم","595","","unmatched","0","0","no_attraction_record"
"سبخة أم القنديل","596","","unmatched","0","0","no_attraction_record"
"سبخة أم سيد","597","","unmatched","0","0","no_attraction_record"
"سبخة البدين","598","","unmatched","0","0","no_attraction_record"
"سبخة البريقة","599","","unmatched","0","0","no_attraction_record"
"سبخة الحفيرة","600","","unmatched","0","0","no_attraction_record"
"سبخة الحنية","601","","unmatched","0","0","no_attraction_record"
"سبخة الدليسي","602","","unmatched","0","0","no_attraction_record"
"سبخة الرفراف","603","","unmatched","0","0","no_attraction_record"
"سبخة السلاوي","604","","unmatched","0","0","no_attraction_record"
"سبخة الشقوة","605","","unmatched","0","0","no_attraction_record"
"سبخة الطرفية","606","","unmatched","0","0","no_attraction_record"
"سبخة العقلا","607","","unmatched","0","0","no_attraction_record"
"سبخة العين الزرقاء","608","","unmatched","0","0","no_attraction_record"
"سبخة الغزايا","609","","unmatched","0","0","no_attraction_record"
"سبخة الغزيل أو معطن الجارف","610","","unmatched","0","0","no_attraction_record"
"سبخة الكوز","611","","unmatched","0","0","no_attraction_record"
"سبخة الملاحة","612","","unmatched","0","0","no_attraction_record"
"سبخة الملح","613","","unmatched","0","0","no_attraction_record"
"سبخة الملح","614","","unmatched","0","0","no_attraction_record"
"سبخة المنقوب","615","","unmatched","0","0","no_attraction_record"
"سبخة المويلح","616","","unmatched","0","0","no_attraction_record"
"سبخة الهلالية","617","","unmatched","0","0","no_attraction_record"
"سبخة الهيرة","618","","unmatched","0","0","no_attraction_record"
"سبخة الهيشة","619","","unmatched","0","0","no_attraction_record"
"سبخة بوجيرة","620","","unmatched","0","0","no_attraction_record"
"سبخة جليانا","621","","unmatched","0","0","no_attraction_record"
"سبخة حفرة الملح","622","","unmatched","0","0","no_attraction_record"
"سبخة رأس التين","623","","unmatched","0","0","no_attraction_record"
"سبخة رملة زقوط","624","","unmatched","0","0","no_attraction_record"
"سبخة زويلة","625","","unmatched","0","0","no_attraction_record"
"سبخة سلطان","626","","unmatched","0","0","no_attraction_record"
"سبخة سلطان أو النعم","627","","unmatched","0","0","no_attraction_record"
"سبخة قصر حمد","628","","unmatched","0","0","no_attraction_record"
"سبخة قنفودة","629","","unmatched","0","0","no_attraction_record"
"سبخة كركورة","630","","unmatched","0","0","no_attraction_record"
"سبخة كركورة","631","","unmatched","0","0","no_attraction_record"
"سبخة مرزق","632","","unmatched","0","0","no_attraction_record"
"سبخة مسقوين","633","","unmatched","0","0","no_attraction_record"
"باب الجديد","634","","unmatched","0","0","no_attraction_record"
"باب زناتة","635","","unmatched","0","0","no_attraction_record"
"سد","636","","unmatched","0","0","no_attraction_record"
"سد","637","","unmatched","0","0","no_attraction_record"
"سد الدرعاني","638","","unmatched","0","0","no_attraction_record"
"سد الشياب","639","","unmatched","0","0","no_attraction_record"
"سد الهيشة","640","","unmatched","0","0","no_attraction_record"
"سد روماني","641","","unmatched","0","0","no_attraction_record"
"سد غبين","642","","unmatched","0","0","no_attraction_record"
"سد وادي اسلان","643","","unmatched","0","0","no_attraction_record"
"سد وادي الشواعر","644","","unmatched","0","0","no_attraction_record"
"سد وادي العقربان","645","","unmatched","0","0","no_attraction_record"
"سد وادي القطارة","646","","unmatched","0","0","no_attraction_record"
"سد وادي القطارة","647","","unmatched","0","0","no_attraction_record"
"سد وادي القطارة","648","","unmatched","0","0","no_attraction_record"
"سد وادي المجينين","649","","unmatched","0","0","no_attraction_record"
"سد وادي الوشكة","650","LTA-FEAT-007","exact","0","0","matched_without_local_image"
"سد وادي بن جواد","651","","unmatched","0","0","no_attraction_record"
"سد وادي درنة","652","","unmatched","0","0","no_attraction_record"
"سد وادي زارت","653","","unmatched","0","0","no_attraction_record"
"سد وادي زازا","654","","unmatched","0","0","no_attraction_record"
"سد وادي غان","655","","unmatched","0","0","no_attraction_record"
"سد وادي فاسات","656","","unmatched","0","0","no_attraction_record"
"سد وادي كعام","657","LTA-FEAT-006","exact","0","0","matched_without_local_image"
"سد وادي لبدة","658","","unmatched","0","0","no_attraction_record"
"سد وادي محجة","659","","unmatched","0","0","no_attraction_record"
"سد واي التوت","660","","unmatched","0","0","no_attraction_record"
"وادي جازا أو زازا","661","","unmatched","0","0","no_attraction_record"
"الكنيسة الايطالية","662","","unmatched","0","0","no_attraction_record"
"بحيرة عين الزيانة","663","","unmatched","0","0","no_attraction_record"
"بحيرة عين الفطايم","664","","unmatched","0","0","no_attraction_record"
"بحيرة عين اليبرة","665","","unmatched","0","0","no_attraction_record"
"حرم عين الحفرة","666","","unmatched","0","0","no_attraction_record"
"خليج بمبة","667","","unmatched","0","0","no_attraction_record"
"رأس عين الغزالة","668","","unmatched","0","0","no_attraction_record"
"سبخة عين الحنية","669","","unmatched","0","0","no_attraction_record"
"سبخة عين القدر","670","","unmatched","0","0","no_attraction_record"
"عين أم اقبيبة","671","","unmatched","0","0","no_attraction_record"
"عين أم الخروب","672","","unmatched","0","0","no_attraction_record"
"عين أم الرمان","673","","unmatched","0","0","no_attraction_record"
"عين أم الصفصاف","674","","unmatched","0","0","no_attraction_record"
"عين أم العبد","675","","unmatched","0","0","no_attraction_record"
"عين أم العبد","676","","unmatched","0","0","no_attraction_record"
"عين أم القرب","677","","unmatched","0","0","no_attraction_record"
"عين أم المصابيح","678","","unmatched","0","0","no_attraction_record"
"عين أم المهاس","679","","unmatched","0","0","no_attraction_record"
"عين ادبير","680","","unmatched","0","0","no_attraction_record"
"عين استوة","681","","unmatched","0","0","no_attraction_record"
"عين اسدندو","682","","unmatched","0","0","no_attraction_record"
"عين الأزاهرة","683","","unmatched","0","0","no_attraction_record"
"عين الانجيل","684","","unmatched","0","0","no_attraction_record"
"عين البراكي","685","","unmatched","0","0","no_attraction_record"
"عين البراهمة","686","","unmatched","0","0","no_attraction_record"
"عين البقة","687","","unmatched","0","0","no_attraction_record"
"عين البقرة","688","","unmatched","0","0","no_attraction_record"
"عين البلنج","689","","unmatched","0","0","no_attraction_record"
"عين البليعة","690","","unmatched","0","0","no_attraction_record"
"عين البنت","691","","unmatched","0","0","no_attraction_record"
"عين البنية","692","","unmatched","0","0","no_attraction_record"
"عين البيرة اولاد مسعود","693","","unmatched","0","0","no_attraction_record"
"عين الترك او عين بسيس","694","","unmatched","0","0","no_attraction_record"
"عين التميمي","695","","unmatched","0","0","no_attraction_record"
"عين الجبالية الصغيرة","696","","unmatched","0","0","no_attraction_record"
"عين الجرم","697","","unmatched","0","0","no_attraction_record"
"عين الجرم","698","","unmatched","0","0","no_attraction_record"
"عين الجفر","699","","unmatched","0","0","no_attraction_record"
"عين الحاسة","700","","unmatched","0","0","no_attraction_record"
"عين الحدادية","701","","unmatched","0","0","no_attraction_record"
"عين الحطيبة","702","","unmatched","0","0","no_attraction_record"
"عين الحفرة","703","","unmatched","0","0","no_attraction_record"
"عين الحلوفة","704","","unmatched","0","0","no_attraction_record"
"عين الحليب","705","","unmatched","0","0","no_attraction_record"
"عين الحمام","706","","unmatched","0","0","no_attraction_record"
"عين الحيس","707","","unmatched","0","0","no_attraction_record"
"عين الخنجاري","708","","unmatched","0","0","no_attraction_record"
"عين الدبوسية","709","LTA-FEAT-004","exact","2","0","linked"
"عين الدبوسية","710","LTA-FEAT-004","exact","2","0","linked"
"عين الدرسية","711","","unmatched","0","0","no_attraction_record"
"عين الدودة","712","","unmatched","0","0","no_attraction_record"
"عين الرابطة","713","","unmatched","0","0","no_attraction_record"
"عين الربيبة","714","","unmatched","0","0","no_attraction_record"
"عين الرقراق","715","","unmatched","0","0","no_attraction_record"
"عين الرومية","716","","unmatched","0","0","no_attraction_record"
"عين الزائر","717","","unmatched","0","0","no_attraction_record"
"عين الزاوية أو عين الكبريت","718","","unmatched","0","0","no_attraction_record"
"عين الزرقاء أو عين أم اقديح","719","","unmatched","0","0","no_attraction_record"
"عين السمان","720","","unmatched","0","0","no_attraction_record"
"عين السيبانة","721","","unmatched","0","0","no_attraction_record"
"عين الشب","722","","unmatched","0","0","no_attraction_record"
"عين الشرشارة","723","","unmatched","0","0","no_attraction_record"
"عين الشرشارة أولاد عزيز","724","","unmatched","0","0","no_attraction_record"
"عين الشقيقة","725","","unmatched","0","0","no_attraction_record"
"عين الشيصو","726","","unmatched","0","0","no_attraction_record"
"عين الطراطيش","727","","unmatched","0","0","no_attraction_record"
"عين الطرشان","728","","unmatched","0","0","no_attraction_record"
"عين العليمة","729","","unmatched","0","0","no_attraction_record"
"عين العودل","730","","unmatched","0","0","no_attraction_record"
"عين العوينية","731","","unmatched","0","0","no_attraction_record"
"عين العين","732","","unmatched","0","0","no_attraction_record"
"عين الغزال","733","","unmatched","0","0","no_attraction_record"
"عين الغزال","734","","unmatched","0","0","no_attraction_record"
"عين الغزالة","735","","unmatched","0","0","no_attraction_record"
"عين الغزايا","736","","unmatched","0","0","no_attraction_record"
"عين الفرس","737","LTA-FEAT-009","exact","0","0","matched_without_local_image"
"عين الفروة","738","","unmatched","0","0","no_attraction_record"
"عين الفقار ، سوكنة","739","","unmatched","0","0","no_attraction_record"
"عين القبة","740","","unmatched","0","0","no_attraction_record"
"عين القصر","741","","unmatched","0","0","no_attraction_record"
"عين القلعة","742","","unmatched","0","0","no_attraction_record"
"عين القلمام","743","","unmatched","0","0","no_attraction_record"
"عين القليتة","744","","unmatched","0","0","no_attraction_record"
"عين الكرمة","745","","unmatched","0","0","no_attraction_record"
"عين المطر","746","","unmatched","0","0","no_attraction_record"
"عين المطير","747","","unmatched","0","0","no_attraction_record"
"عين المغموم","748","","unmatched","0","0","no_attraction_record"
"عين الملفا","749","","unmatched","0","0","no_attraction_record"
"عين الملكة","750","","unmatched","0","0","no_attraction_record"
"عين النادوة","751","","unmatched","0","0","no_attraction_record"
"عين الوحش","752","","unmatched","0","0","no_attraction_record"
"عين اليهودي","753","","unmatched","0","0","no_attraction_record"
"عين ام الحية","754","","unmatched","0","0","no_attraction_record"
"عين ام الدود","755","","unmatched","0","0","no_attraction_record"
"عين ام الصيادة","756","","unmatched","0","0","no_attraction_record"
"عين ام القبيبة","757","","unmatched","0","0","no_attraction_record"
"عين ام الناموس","758","","unmatched","0","0","no_attraction_record"
"عين انتاله","759","","unmatched","0","0","no_attraction_record"
"عين انجيلة","760","","unmatched","0","0","no_attraction_record"
"عين بانون","761","","unmatched","0","0","no_attraction_record"
"عين براك","762","","unmatched","0","0","no_attraction_record"
"عين بن حمو","763","","unmatched","0","0","no_attraction_record"
"عين بوشمال","764","","unmatched","0","0","no_attraction_record"
"عين بوعياد","765","","unmatched","0","0","no_attraction_record"
"عين تاقنيت","766","","unmatched","0","0","no_attraction_record"
"عين تالة","767","","unmatched","0","0","no_attraction_record"
"عين تامديت","768","","unmatched","0","0","no_attraction_record"
"عين تانوت قطرس","769","","unmatched","0","0","no_attraction_record"
"عين تاورغاء","770","","unmatched","0","0","no_attraction_record"
"عين تموقط","771","","unmatched","0","0","no_attraction_record"
"عين تونين","772","","unmatched","0","0","no_attraction_record"
"عين تيرست","773","","unmatched","0","0","no_attraction_record"
"عين جبارة","774","","unmatched","0","0","no_attraction_record"
"عين حبون","775","","unmatched","0","0","no_attraction_record"
"عين حمد","776","","unmatched","0","0","no_attraction_record"
"عين حمد","777","","unmatched","0","0","no_attraction_record"
"عين حوار","778","","unmatched","0","0","no_attraction_record"
"عين حيسان","779","","unmatched","0","0","no_attraction_record"
"عين خميم","780","","unmatched","0","0","no_attraction_record"
"عين دباس","781","","unmatched","0","0","no_attraction_record"
"عين دريلة","782","","unmatched","0","0","no_attraction_record"
"عين دقيجة","783","","unmatched","0","0","no_attraction_record"
"عين دنون","784","","unmatched","0","0","no_attraction_record"
"عين دوا أو عين كازيط","785","","unmatched","0","0","no_attraction_record"
"عين دوغا","786","","unmatched","0","0","no_attraction_record"
"عين رأس الحليب","787","","unmatched","0","0","no_attraction_record"
"عين رأس الهلال","788","","unmatched","0","0","no_attraction_record"
"عين رامي","789","","unmatched","0","0","no_attraction_record"
"عين زواغة","790","","unmatched","0","0","no_attraction_record"
"عين زوية","791","","unmatched","0","0","no_attraction_record"
"عين زيانة","792","","unmatched","0","0","no_attraction_record"
"عين سباق","793","","unmatched","0","0","no_attraction_record"
"عين سرسرة","794","","unmatched","0","0","no_attraction_record"
"عين سيار","795","","unmatched","0","0","no_attraction_record"
"عين سيدي محمد","796","","unmatched","0","0","no_attraction_record"
"عين شعيب","797","","unmatched","0","0","no_attraction_record"
"عين شوشان","798","","unmatched","0","0","no_attraction_record"
"عين صالحة أو عين الشلالة","799","","unmatched","0","0","no_attraction_record"
"عين عرق فاطمة","800","","unmatched","0","0","no_attraction_record"
"عين غريبة","801","","unmatched","0","0","no_attraction_record"
"عين فاسات","802","","unmatched","0","0","no_attraction_record"
"عين فرانسا","803","","unmatched","0","0","no_attraction_record"
"عين قاو","804","","unmatched","0","0","no_attraction_record"
"عين قطة","805","","unmatched","0","0","no_attraction_record"
"عين قلو","806","","unmatched","0","0","no_attraction_record"
"عين كرسة","807","","unmatched","0","0","no_attraction_record"
"عين كعام","808","","unmatched","0","0","no_attraction_record"
"عين لالي","809","","unmatched","0","0","no_attraction_record"
"عين ماء","810","","unmatched","0","0","no_attraction_record"
"عين ماء","811","","unmatched","0","0","no_attraction_record"
"عين مارا","812","","unmatched","0","0","no_attraction_record"
"عين متلالة","813","","unmatched","0","0","no_attraction_record"
"عين مدوين","814","","unmatched","0","0","no_attraction_record"
"عين مرزاق","815","","unmatched","0","0","no_attraction_record"
"عين مرقص","816","","unmatched","0","0","no_attraction_record"
"عين مزراق","817","","unmatched","0","0","no_attraction_record"
"عين مزيتن","818","","unmatched","0","0","no_attraction_record"
"عين مسة","819","","unmatched","0","0","no_attraction_record"
"عين مسلغين","820","","unmatched","0","0","no_attraction_record"
"عين مغار","821","","unmatched","0","0","no_attraction_record"
"عين مقه","822","","unmatched","0","0","no_attraction_record"
"عين مور","823","","unmatched","0","0","no_attraction_record"
"عين مياه طبيعية (بقيرة)","824","","unmatched","0","0","no_attraction_record"
"عين ميمونة","825","","unmatched","0","0","no_attraction_record"
"عين ناز","826","","unmatched","0","0","no_attraction_record"
"عين وردمة","827","","unmatched","0","0","no_attraction_record"
"عين ويف","828","","unmatched","0","0","no_attraction_record"
"عين ويف","829","","unmatched","0","0","no_attraction_record"
"غابة عين الزاوية","830","","unmatched","0","0","no_attraction_record"
"غار تفوشيت","831","","unmatched","0","0","no_attraction_record"
"قلعة ام العبيد","832","","unmatched","0","0","no_attraction_record"
"محمية الهيشة","833","","unmatched","0","0","no_attraction_record"
"مستشفى عين مارة","834","","unmatched","0","0","no_attraction_record"
"منتزه الشرشارة الوطني","835","","unmatched","0","0","no_attraction_record"
"منطقة عين ويف","836","","unmatched","0","0","no_attraction_record"
"نبع أبولو","837","LTA-FEAT-012","exact","0","0","matched_without_local_image"
"نبع فوار الخادم","838","","unmatched","0","0","no_attraction_record"
"نبع ماء","839","","unmatched","0","0","no_attraction_record"
"أمانج","840","","unmatched","0","0","no_attraction_record"
"الحمام التركي","841","","unmatched","0","0","no_attraction_record"
"الحمامات الأغريقية","842","","unmatched","0","0","no_attraction_record"
"الحمامات الشرقية","843","","unmatched","0","0","no_attraction_record"
"الحمامات العامة","844","","unmatched","0","0","no_attraction_record"
"الحمامة","845","","unmatched","0","0","no_attraction_record"
"الحمامة","846","","unmatched","0","0","no_attraction_record"
"الفوار","847","","unmatched","0","0","no_attraction_record"
"الفوار الكبريتي","848","","unmatched","0","0","no_attraction_record"
"جزيرة المعيقل أو الحمام - بسيس","849","","unmatched","0","0","no_attraction_record"
"حقفة الحمام","850","","unmatched","0","0","no_attraction_record"
"حقفة الحمام","851","","unmatched","0","0","no_attraction_record"
"حقفة الحمام","852","","unmatched","0","0","no_attraction_record"
"حمام البئر الساخن","853","","unmatched","0","0","no_attraction_record"
"حمام الجبيبينة العسة","854","","unmatched","0","0","no_attraction_record"
"حمام الزلفة نينا","855","","unmatched","0","0","no_attraction_record"
"حمام العجيلات","856","","unmatched","0","0","no_attraction_record"
"حمام العجيلات السياحي","857","","unmatched","0","0","no_attraction_record"
"حمام العسة الكبريتي","858","","unmatched","0","0","no_attraction_record"
"حمام النسي","859","","unmatched","0","0","no_attraction_record"
"حمام بدر","860","","unmatched","0","0","no_attraction_record"
"حمام بدر الكبريتي","861","","unmatched","0","0","no_attraction_record"
"حمام درغوث","862","","unmatched","0","0","no_attraction_record"
"حمامات السود","863","","unmatched","0","0","no_attraction_record"
"حمامات الصيد","864","","unmatched","0","0","no_attraction_record"
"حمامات المسرح","865","","unmatched","0","0","no_attraction_record"
"حمامات اوقيانوس","866","","unmatched","0","0","no_attraction_record"
"حمامات على البحر","867","","unmatched","0","0","no_attraction_record"
"حمامات غير مكتملة","868","","unmatched","0","0","no_attraction_record"
"حمامات هادريان","869","","unmatched","0","0","no_attraction_record"
"رأس الحمام","870","","unmatched","0","0","no_attraction_record"
"رأس الحمام","871","","unmatched","0","0","no_attraction_record"
"رأس الحمامة","872","","unmatched","0","0","no_attraction_record"
"فوار الاتحادية","873","","unmatched","0","0","no_attraction_record"
"فوار البحيرة","874","","unmatched","0","0","no_attraction_record"
"فوار البنية","875","","unmatched","0","0","no_attraction_record"
"فوار البنيه","876","","unmatched","0","0","no_attraction_record"
"فوار البويرات","877","","unmatched","0","0","no_attraction_record"
"فوار البويرات","878","","unmatched","0","0","no_attraction_record"
"فوار التلاويط","879","","unmatched","0","0","no_attraction_record"
"فوار التلاويط","880","","unmatched","0","0","no_attraction_record"
"فوار الحاشي","881","","unmatched","0","0","no_attraction_record"
"فوار الحشادية","882","","unmatched","0","0","no_attraction_record"
"فوار الخادم","883","","unmatched","0","0","no_attraction_record"
"فوار السباخ","884","","unmatched","0","0","no_attraction_record"
"فوار السباخ","885","","unmatched","0","0","no_attraction_record"
"فوار السكيرات","886","","unmatched","0","0","no_attraction_record"
"فوار السكيرات","887","","unmatched","0","0","no_attraction_record"
"فوار الصحة","888","","unmatched","0","0","no_attraction_record"
"فوار العريبات","889","","unmatched","0","0","no_attraction_record"
"فوار العريبات","890","","unmatched","0","0","no_attraction_record"
"فوار العريبات","891","","unmatched","0","0","no_attraction_record"
"فوار الفايدي","892","","unmatched","0","0","no_attraction_record"
"فوار الكنيسة","893","","unmatched","0","0","no_attraction_record"
"فوار الكنيسة","894","","unmatched","0","0","no_attraction_record"
"فوار الكنيسة","895","","unmatched","0","0","no_attraction_record"
"فوار اللود","896","","unmatched","0","0","no_attraction_record"
"فوار المقاصبة","897","","unmatched","0","0","no_attraction_record"
"فوار المقاصة","898","","unmatched","0","0","no_attraction_record"
"فوار الميتين","899","","unmatched","0","0","no_attraction_record"
"فوار الميتين 200","900","","unmatched","0","0","no_attraction_record"
"فوار الناموس","901","","unmatched","0","0","no_attraction_record"
"فوار النعاس","902","","unmatched","0","0","no_attraction_record"
"فوار النعاس","903","","unmatched","0","0","no_attraction_record"
"فوار تاجوراء","904","","unmatched","0","0","no_attraction_record"
"فوار تاجوراء","905","","unmatched","0","0","no_attraction_record"
"فوار زكير","906","","unmatched","0","0","no_attraction_record"
"فوار زكير","907","","unmatched","0","0","no_attraction_record"
"فوار ويس","908","","unmatched","0","0","no_attraction_record"
"فوار ويس","909","","unmatched","0","0","no_attraction_record"
"فيلا ليبتوس","910","","unmatched","0","0","no_attraction_record"
"قرية أم الحمام","911","","unmatched","0","0","no_attraction_record"
"قرية ابوحمام تحتوي على مجموعة كبيرة من بيوت الحفر","912","","unmatched","0","0","no_attraction_record"
"قصر أم الحمام الأثري","913","","unmatched","0","0","no_attraction_record"
"قصر الحمام","914","","unmatched","0","0","no_attraction_record"
"قصر حمامات تينيناي","915","","unmatched","0","0","no_attraction_record"
"قويرات الكبريت","916","","unmatched","0","0","no_attraction_record"
"مزرعة الفوارة","917","","unmatched","0","0","no_attraction_record"
"مسجد الحمامة العتيق","918","","unmatched","0","0","no_attraction_record"
"مصيف الحمامة","919","","unmatched","0","0","no_attraction_record"
"مصيف الحمامة","920","","unmatched","0","0","no_attraction_record"
"مصيف الحمامة 1","921","","unmatched","0","0","no_attraction_record"
"مصيف الكنوز الذهبية","922","","unmatched","0","0","no_attraction_record"
"مفرق الحمام الكبريتي نينة","923","","unmatched","0","0","no_attraction_record"
"منتجع التلال الحمامة","924","","unmatched","0","0","no_attraction_record"
"منتجع التلال الحمامة","925","","unmatched","0","0","no_attraction_record"
"منتجع الجراري السياحي - للعائلات","926","","unmatched","0","0","no_attraction_record"
"منتجع الجراري السياحي - للعائلات","927","","unmatched","0","0","no_attraction_record"
"منتجع ومصيف الحمامة","928","","unmatched","0","0","no_attraction_record"
"منتجع ومصيف الحمامة","929","","unmatched","0","0","no_attraction_record"
"منتزه الفوار الترفيهي","930","","unmatched","0","0","no_attraction_record"
"منتزه الفوار الكبريتي","931","","unmatched","0","0","no_attraction_record"
"منتزه صبراتة","932","","unmatched","0","0","no_attraction_record"
"منتزه صرمان الوطني","933","","unmatched","0","0","no_attraction_record"
"منتزه ودان","934","","unmatched","0","0","no_attraction_record"
"موقع مغمور بالمياه","935","","unmatched","0","0","no_attraction_record"
"موقع مياة فوار","936","","unmatched","0","0","no_attraction_record"
"موقف سيارات ومركز خدمات","937","","unmatched","0","0","no_attraction_record"
"جزيرة الحبري أو قارة","938","","unmatched","0","0","no_attraction_record"
"قلعة القيقب","939","","unmatched","0","0","no_attraction_record"
"محمية البرج","940","","unmatched","0","0","no_attraction_record"
"محمية الثلاثين","941","","unmatched","0","0","no_attraction_record"
"محمية الشعافيين","942","","unmatched","0","0","no_attraction_record"
"محمية الشماري","943","","unmatched","0","0","no_attraction_record"
"محمية جبال النقازة","944","","unmatched","0","0","no_attraction_record"
"مشروع المحمية السياحي","945","","unmatched","0","0","no_attraction_record"